site_no,station_name,latitude,longitude,huc,site_type
01645200,"WATTS BRANCH AT ROCKVILLE, MD",39.084275,-77.1769249,2070008.0,ST
01645295,"POTOMAC RIVER BELOW WATTS BRANCH NEAR POTOMAC, MD",39.03777778,-77.2530556,2070008.0,ST
01645300,"POTOMAC RIVER NEAR POTOMAC, MD",39.0381646,-77.2552593,2070008.0,ST
01645305,"POTOMAC RIVER NEAR SHADY OAK, VA",39.03055556,-77.2447222,2070008.0,ST
01645310,"POTOMAC RIVER NEAR GREAT FALLS, MD",39.01277778,-77.2436111,2070008.0,ST
01645500,"POTOMAC RIVER AT GREAT FALLS, MD",39.00094304,-77.2485919,2070008.0,ST
01645520,"POTOMAC RIVER NEAR FAIRVIEW, VA",38.99055556,-77.2475,2070008.0,ST
01645525,"POTOMAC RIVER AT GLENDALE, VA",38.98055556,-77.2391667,2070008.0,ST
01645799,"DIFFICULT RUN AT W&OD RR NEAR VIENNA, VA",38.931222,-77.2983167,2070008.0,ST
01645800,"PINEY BRANCH AT VIENNA, VA",38.90177806,-77.2655381,2070008.0,ST
0164580569,"PINEY BRANCH NEAR VIENNA, VA",38.9166111,-77.28425,2070008.0,ST
0164581169,"PINEY BRANCH AT MOUTH NEAR VIENNA, VA",38.93149979,-77.2974834,2070008.0,ST
0164582028,"DIFFICULT RUN AT BROWNS MILL ROAD AT KENMORE, VA",38.95313889,-77.2915556,2070008.0,ST
01645830,"WOLFTRAP CREEK AT CREEK CROSSING RD AT VIENNA, VA",38.9145556,-77.2577599,2070008.0,ST
0164583313,"WOLFTRAP CREEK AT BOIS AVENUE NEAR VIENNA, VA",38.93202778,-77.2631111,2070008.0,ST
01645844,"OLD COURTHOUSE SPRING BRANCH NEAR VIENNA, VA",38.93902778,-77.25763889,2070008.0,ST
01645850,"WOLFTRAP CREEK NEAR VIENNA, VA",38.9506661,-77.284705,2070008.0,ST
0164585869,"DIFFICULT RUN ABOVE COLVIN RUN AT KENMORE, VA",38.9657222,-77.2879722,2070008.0,ST
0164590968,"COLVIN RUN AT MOUTH AT KENMORE, VA",38.9658333,-77.2880556,2070008.0,ST
0164592501,"DIFFICULT RUN AB CAPTAIN HICKORY RN AT KENMORE, VA",38.97191667,-77.2768611,2070008.0,ST
01645931,"CAPTAIN HICKORY RUN AB TRIB 1 NEAR GREAT FALLS, VA",38.99155,-77.29743889,2070008.0,ST
0164593308,"CAPTAIN HICKORY TRIB1 AB TRIB NR GREAT FALLS, VA",38.9949722,-77.2978333,2070008.0,ST
0164593423,"CAPTAIN HICKORY TRIB1 TRIB NEAR GREAT FALLS, VA",38.99344444,-77.2964444,2070008.0,ST
01645936,"CAPTAIN HICKORY RUN TRIB1 NEAR GREAT FALLS, VA",38.99147778,-77.2969361,2070008.0,ST
01645940,"CAPTAIN HICKORY RUN AT RT 681 NEAR GREAT FALLS, VA",38.98516667,-77.28863889,2070008.0,ST
0164595661,"PINEY RUN AT MOUTH NEAR GREAT FALLS, VA",38.98372107,-77.2863714,2070008.0,ST
0164595719,"CPT HKRY RN TRB AT COLUMBINE ST NR GREAT FALLS, VA",38.99571944,-77.289025,2070008.0,FA-STS
0164596042,"CAPTAIN HICKORY RUN AT MOUTH AT KENMORE, VA",38.97233239,-77.2769267,2070008.0,ST
01645975,"ROCKY RUN NEAR GREAT FALLS, VA",38.9712213,-77.24664779,2070008.0,ST
0164599725,"ROCKY RUN AT MOUTH NEAR GREAT FALLS, VA",38.97569444,-77.2464444,2070008.0,ST
01646000,"DIFFICULT RUN NEAR GREAT FALLS, VA",38.97594346,-77.24581439,2070008.0,ST
01646010,"POTOMAC RIVER AT CROPLEY, MD",38.98027778,-77.22888889,20700081005.0,ST
01646020,"POTOMAC RIVER NEAR CROPLEY, MD",38.97305556,-77.2141667,2070008.0,ST
01646200,"SCOTT RUN NEAR MCLEAN, VA",38.95899935,-77.20553599,2070008.0,ST
01646210,"POTOMAC RIVER AT CARDEROCK, MD",38.96916667,-77.1975,2070008.0,ST
01646220,"ROCK RUN NEAR CABIN JOHN, MD",38.9751102,-77.1824798,2070008.0,ST
01646230,"DEAD RUN AT CHURCHILL RD AT MCLEAN, VA",38.94483296,-77.1833134,2070008.0,ST
01646270,"DEAD RUN AT OLD GEORGETOWN PIKE NEAR MCLEAN, VA",38.95288838,-77.1830356,2070008.0,ST
01646300,"DEAD RUN NEAR MCLEAN, VA",38.9553883,-77.1805355,2070008.0,ST
01646305,"DEAD RUN AT WHANN AVENUE NEAR MCLEAN, VA",38.95977716,-77.1756743,2070008.0,ST
01646310,"POTOMAC RIVER AT CABIN JOHN, MD",38.97055556,-77.165,2070008.0,ST
01646350,"CABIN JOHN CREEK AT ROCKVILLE, MD",39.05594219,-77.1513685,2070008.0,ST
01646400,"POTOMAC RIVER AT GLEN ECHO, MD",38.9661111,-77.1455556,2070008.0,ST
01646500,"POTOMAC RIVER NEAR WASH, DC LITTLE FALLS PUMP STA",38.94977778,-77.12763889,20700081005.0,ST
01646502,"POTOMAC RIVER, ADJUSTED, NEAR WASH, DC",38.94977778,-77.12763889,2070008.0,ST
01646508,POTOMAC RIVER BACKUP STATION,38.9494722,-77.1278056,2070008.0,ST
01646550,"LITTLE FALLS BRANCH NEAR BETHESDA, MD",38.9576106,-77.1083118,2070008.0,ST
01646562,DALECARLIA/POTOMAC R WATER INTAKE NEAR BETHESDA MD,38.94527778,-77.11527778,2070008.0,FA-OF
01646563,MILL CREEK TRIB NR DALECARLIA RES AT WASHINGTON DC,38.94555556,-77.1044444,2070008.0,ST
01646564,"MILL CREEK AT DALECARLIA RES NEAR CHEVY CHASE, MD",38.94563889,-77.10788889,2070008.0,ST
01646565,"EAST CREEK NR DALECARLIA RES AT WASHINGTON, DC",38.93977778,-77.1053056,2070008.0,ST
0164656550,EAST CREEK TRIB NR DALECARLIA RES AT WASHINGTON DC,38.9397222,-77.10527778,2070008.0,ST
01646566,"EAST CREEK AT DALECARLIA RES AT WASHINGTON, DC",38.94277778,-77.1085,2070008.0,ST
01646567,"EAST CREEK AT DALECARLIA RES NEAR CHEVY CHASE, MD",38.94563889,-77.10788889,2070008.0,ST
01646568,"MILL CREEK AT DALECARLIA RES NEAR BETHESDA, MD",38.946,-77.1085,2070008.0,ST
01646569,"MILL CREEK AT DALECARLIA RES AT BROOKMONT, MD",38.94513889,-77.1119444,2070008.0,ST
01646580,"POTOMAC RIVER AT CHAIN BRIDGE, AT WASHINGTON, DC",38.9295555,-77.1169232,2070010.0,ST
01646590,"PIMMIT RUN AT LEESBURG PIKE NEAR FALLS CHURCH, VA",38.90288919,-77.2024809,2070010.0,ST
01646599,"PIMMIT RUN AT RT 695 NEAR FALLS CHRUCH, VA",38.91177796,-77.1855359,2070010.0,ST
01646600,"PIMMIT RUN NEAR FALLS CHURCH, VA",38.91150019,-77.1844248,2070010.0,ST
01646620,"PIMMIT RUN AT WESTMORELAND RD NEAR MCLEAN, VA",38.915389,-77.177758,2070010.0,ST
01646650,"PIMMIT RUN AT OLD DOMINION DR AT MCLEAN, VA",38.92927768,-77.1697021,2070010.0,ST
01646660,"PIMMIT RUN BELOW BYRON BRANCH AT MCLEAN, VA",38.933056,-77.156389,20700100103.0,ST
01646700,"PIMMIT RUN AT ARLINGTON, VA",38.93622205,-77.1391458,2070010.0,ST
01646750,"LITTLE PIMMIT RUN TRIBUTARY AT ARLINGTON, VA",38.90511148,-77.137757,2070010.0,ST
01646755,"LITTLE PIMMIT RUN TRIB AT ARLINGTON, VA",38.90705589,-77.1385904,2070010.0,ST
01646780,"LITTLE PIMMIT RUN AT FRA-PARK RD AT ARLINGTON, VA",38.9170557,-77.14525719,2070010.0,ST
01646800,"LITTLE PIMMIT RUN AT ARLINGTON, VA",38.92288894,-77.1449794,2070010.0,ST
01646820,"LITTLE PIMMIT RUN AT KIRBY RD AT ARLINGTON, VA",38.93483319,-77.1399792,2070010.0,ST
01646850,"PIMMIT RUN NEAR NORTH RANDOLPH ST AT ARLINGTON, VA",38.93094439,-77.1241455,2070010.0,ST
01647500,"DONALDSON RUN AT MILITARY RD AT ARLINGTON, VA",38.9112225,-77.1135898,2070010.0,ST
01647505,"POTOMAC RIVER TRIBUTARY AT WASHINGTON, DC",38.92150014,-77.097756,2070010.0,ST
01647595,"POTOMAC RIVER AT KEY BRIDGE AT WASHINGTON, DC",38.90233385,-77.06942209,2070010.0,ST
01647600,"POTOMAC RIVER AT WISCONSIN AVE, WASHINGTON, DC",38.9033611,-77.0676667,2070010.0,ES
01647850,"TURKEY BRANCH NEAR ROCKVILLE, MD",39.068472,-77.08175,20700100101.0,ST
01647970,"ROCK CREEK NEAR BEACH DRIVE AT KENSINGTON, MD",39.02525,-77.0961944,2070010.0,ST
01647975,"ROCK CREEK AT BEACH DRIVE NEAR KENSINGTON, MD",39.02063889,-77.1001944,2070010.0,ST
01647976,"ROCK CREEK AT CEDAR LANE NEAR KENSINGTON, MD",39.0118611,-77.091,2070010.0,ST
01647994,ROCK CREEK AT MD/DC BOUNDRY AT WASHINGTON DC,38.98666667,-77.05277778,2070010.0,ST
01647996,"TRIB TO FENWICK BR AT RED BUD LANE, WASHINGTON DC",38.99305556,-77.0447222,2070010.0,ST
01647997,"PORTAL BRANCH AT NORTH PORTAL DR, WASHINGTON, DC",38.98944444,-77.0425,2070010.0,ST
0164799789,FENWICK BRANCH ABOVE ROCK CREEK AT WASHINGTON DC,38.98416667,-77.0422222,2070010.0,ST
0164799790,STORM SEWER FL TO ROCK CR BL FENWICK BR WASH DC,38.9836111,-77.0416667,2070010.0,ST
01647998,"ROCK CREEK BELOW WEST BEACH DRIVE WASHINGTON, DC",38.98299915,-77.0399493,2070010.0,ST
01648000,"ROCK CREEK AT SHERRILL DRIVE WASHINGTON, DC",38.9725,-77.04,20700100102.0,ST
01648001,Whittier Run above Rock Creek at Washington DC,38.97194444,-77.0397222,2070010.0,ST
01648002,Pinehurst Branch above Barnaby St at Washington DC,38.9783333,-77.05888889,2070010.0,ST
01648003,Pinehurst Br trib nr Barnaby St at Washington DC,38.97805556,-77.05888889,2070010.0,ST
01648004,"PINEHURST BRANCH AT OREGON AVENUE WASHINGTON, DC",38.9764159,-77.05172729,2070010.0,ST
01648005,"PINEHURST BRANCH AT BEACH DRIVE, WASHINGTON, DC",38.97141667,-77.0437222,2070010.0,ST
0164800550,Rock Creek trib near Bingham Dr at Washington DC,38.96888889,-77.0469444,2070010.0,ST
01648006,"ROCK CREEK TRIBUTARY AT GOLF COURSE WASHINGTON, DC",38.9668605,-77.0458938,2070010.0,ST
01648010,"ROCK CREEK AT JOYCE RD WASHINGTON, DC",38.96016667,-77.04205556,20700100102.0,ST
01648011,Luzon Branch above Rock Creek at Washington DC,38.96169444,-77.04138889,20700100102.0,ST
01648015,"BROAD BRANCH AT WASHINGTON, DC",38.95149968,-77.052755,2070010.0,ST
0164801540,Broad Branch above Soapstone Valley at Wash DC,38.94555556,-77.05138889,2070010.0,ST
0164801550,Soapstone Valley trib to Broad Branch at Wash DC,38.945,-77.0519444,2070010.0,ST
01648016,"ROCK CREEK AT PIERCE MILL WASHINGTON, DC",38.93780556,-77.05188889,2070010.0,ST
01648100,Rock Creek above Piney Branch at Washington DC,38.93527778,-77.04777778,2070010.0,ST
01648200,Piney Branch above Rock Creek at Washinton DC,38.93527778,-77.0469444,2070010.0,ST
01648300,Rock Cr above Connecticut Av at Washington DC,38.92305556,-77.0486111,2070010.0,ST
01648390,Normanstone Creek above Rock Creek at WashingtonDC,38.91888889,-77.0561111,2070010.0,ST
01648450,Dumbarton Oaks trib above Rock Cr at Washington DC,38.91555556,-77.0594444,2070010.0,ST
01648500,Rock Creek below Dumbarton Oaks trib at Wash DC,38.9147222,-77.0583333,2070010.0,ST
01648998,"ROCK CREEK ABOVE Q STREET WASHINGTON, DC",38.9117226,-77.0516994,2070010.0,ST
01649000,"ROCK CREEK AT Q STREET, WASHINGTON  DC",38.9112226,-77.0513661,2070010.0,ST
01649003,Pipe inflow to Rock Cr below P St at Washington DC,38.90888889,-77.05027778,2070010.0,ST
01649010,Rock Creek above M Street at Washington DC,38.90138889,-77.0583333,2070010.0,ST
01649025,"WASHINGTON CHANNEL AT WASHINGTON, DC",38.8755833,-77.0250556,2070010.0,ST-CA
01649150,"PAINT BRANCH TRIBUTARY NEAR COLESVILLE, MD",39.08838889,-76.9895833,2070010.0,ST
01649190,"PAINT BRANCH NEAR COLLEGE PARK, MD",39.03336111,-76.96402778,20700100202.0,ST
01649200,"PAINT BRANCH AT COLLEGE PARK, MD",39.02122079,-76.9455305,2070010.0,ST
01649500,"NORTHEAST BRANCH ANACOSTIA RIVER AT RIVERDALE, MD",38.96025,-76.9259722,2070010.0,ST
01650450,"BEL PRE CREEK AT LAYHILL, MD",39.09094167,-77.05275568,2070010.0,ST
01650470,"LUTES RUN AT LUTES, MD",39.07344198,-77.0519222,2070010.0,ST
01650500,"Northwest Branch Anacostia River nr Colesville, MD",39.06552778,-77.02936111,20700100201.0,ST
01650800,"SLIGO CREEK NEAR TAKOMA PARK, MD",38.9862222,-77.0048611,2070010.0,ST
01650900,"SLIGO CREEK AT TAKOMA PARK, MD",38.98316586,-77.0002541,2070010.0,ST
01651000,"NORTHWEST BR ANACOSTIA RIVER NR HYATTSVILLE, MD",38.95255556,-76.96513889,2070010.0,ST
01651003,"NORTHWEST BRANCH ANACOSTIA RIVER AT BRENTWOOD, MD",38.9489722,-76.9562222,2070010.0,ST
01651007,"ANACOSTIA RIVER AT BLADENSBURG WATERFRONT PARK, MD",38.93416667,-76.93925,2070010.0,ES
01651010,"ANACOSTIA RIVER AT BLADENSBURG, MD",38.92372257,-76.93858539,2070010.0,ES
01651720,"CABIN BRANCH NEAR 64TH STREET AT CHEVERLY, MD",38.91577778,-76.91177778,2070010.0,ST
01651725,"BEAVERDAM CREEK AT CHEVERLY, MD",38.91411111,-76.92111111,20700100204.0,ST
01651730,"BEAVERDAM CREEK NEAR CHEVERLY, MD",38.91630556,-76.9343056,2070010.0,ST
01651740,"NASH RUN AT WASHINGTON, DC",38.9103333,-76.9421111,2070010.0,ST
01651750,"ANACOSTIA RIVER AQUATIC GARDENS AT WASHINGTON, DC",38.9145,-76.9505,2070010.0,ES
01651760,"ANACOSTIA RIVER AT KENILWORTH AT WASHINGTON, DC",38.90916667,-76.95527778,2070010.0,ST-TS
01651770,"HICKEY RUN AT NATIONAL ARBORETUM AT WASHINGTON, DC",38.9161111,-76.9688611,2070010.0,ST
01651780,"HICKEY RUN AT WASHINGTON, DC",38.91233384,-76.964975,2070010.0,ST
01651793,"WATTS BRANCH AT 50TH ST, WASHINGTON, DC",38.89775,-76.9284167,2070010.0,ST
01651794,"WATTS BRANCH AT 49TH ST, WASHINGTON DC",38.8982222,-76.93225,2070010.0,ST
01651795,"WATTS BRANCH AT BENNING ROAD, WASHINGTON, DC",38.8978897,-76.93302958,2070010.0,ST
01651800,"WATTS BRANCH AT WASHINGTON, DC",38.90127778,-76.94327778,20700100204.0,ST
01651805,"WATTS BRANCH NEAR WASHINGTON, DC",38.9067784,-76.9488634,2070010.0,ST
01651810,UNMED TRIB TO ANACOSTIA R BLW FT DUPONT AT WASH DC,38.8821111,-76.964,2070010.0,ST
01651812,"ANACOSTIA RIVER AT ANACOSTIA PARK BOAT RAMP, DC",38.87991667,-76.9708333,2070010.0,ST-TS
01651815,"POPE BRANCH AT WASHINGTON, DC",38.87344568,-76.9580302,2070010.0,ST
01651817,"POPE BRANCH AT FAIRLAWN AVE AT WASHINGTON, DC",38.8776,-76.9666194,2070010.0,ST
01651825,"ANACOSTIA RIVER AT WASHINGTON, DC",38.87927888,-76.9713639,2070010.0,ST
0165182550,"TRIB TO ANACOSTIA R ABV GOOD HOPE ROAD AT WASH, DC",38.86391667,-76.9765833,2070010.0,ST
01651827,"Anacostia River nr Buzzard Point at Washington, DC",38.86516667,-77.0103333,2070010.0,ST-TS
01651830,"BLUE PLAINS WWT PLANT OUTFALL AT WASHINGTON, DC",38.81416667,-77.0266667,2070008.0,FA-OF
01652090,"FOUR MILE RUN AT HWY 29 AT FALLS CHURCH, VA",38.8863,-77.1635,20700100301.0,ST
01652370,"FOURMILE RUN AT ARLINGTON, VA",38.8678899,-77.1274792,2070010.0,ST
01652400,"LONG BRANCH AT ARLINGTON, VA",38.8587234,-77.12664588,2070010.0,ST
01652430,"DOCTORS RUN AT ARLINGTON, VA",38.86177895,-77.1022008,2070010.0,ST
01652470,"LUCKY RUN AT ARLINGTON, VA",38.8426126,-77.1041453,2070010.0,ST
01652500,"FOURMILE RUN AT ALEXANDRIA, VA",38.8433333,-77.0858611,2070010.0,ST
01652507,"FOURMILE RUN AT EAST GLEBE ROAD AT ALEXANDRIA, VA",38.84372375,-77.0772001,2070010.0,ST
01652525,"LONG BRANCH AT SOUTH GLEBE ROAD NR ALEXANDRIA, VA",38.84455708,-77.0710888,2070010.0,ST
01652545,"FOURMILE RUN ABOVE HIGHWAY 1 AT ALEXANDRIA, VA",38.8402222,-77.0533056,2070010.0,ST-TS
01652570,"POTOMAC RIVER AT BLUE PLAINS PIER, WASHINGTON, DC",38.8126111,-77.02702778,2070010.0,ST-TS
01652580,"OXON RUN AT 13TH STREET AT WASHINGTON, DC",38.83900178,-76.9885865,2070010.0,ST
0165258850,"OXON RUN NEAR WASHINGTON, DC",38.8503905,-76.9599746,2070010.0,ST
0165258860,"OXON RUN AT WASHINGTON, DC",38.8398351,-76.9849753,2070010.0,ST
0165258890,"POTOMAC RIVER AT CAMERON ST DOCK AT ALEXANDRIA, VA",38.80527778,-77.0383333,2070010.0,ST-TS
01652589,"POTOMAC RIVER BEL OXON CREEK AT WASHINGTON, DC",38.80178014,-77.0263652,2070010.0,ES
01652595,"HOLMES RUN AT SHREVE RD AT MERRIFIELD, VA",38.88122286,-77.2210927,2070010.0,ST
01652600,"HOLMES RUN AT MERRIFIELD, VA",38.86594536,-77.21220369,2070010.0,ST
01652603,"HOLMES RUN AT HOLMES RUN ACRES NEAR ANNANDALE, VA",38.8562233,-77.2072037,2070010.0,ST
01652606,"HOLMES RUN AT ANNANDALE RD NEAR ANNANDALE, VA",38.85372337,-77.1969256,2070010.0,ST
01652609,"HOLMES RUN AT ROSE LANE NEAR ANNANDALE, VA",38.84761238,-77.1838697,2070010.0,ST
01652610,"HOLMES RUN NEAR ANNANDALE, VA",38.8465013,-77.1741473,2070010.0,ST
01652615,"HOLMES RUN ABOVE LAKE BARCROFT NEAR ANNANDALE, VA",38.84622354,-77.1688693,2070010.0,ST
01652618,"TRIPPS RUN AT SOUTHWEST ST AT FALLS CHURCH, VA",38.8873339,-77.19220298,2070010.0,ST
01652620,"TRIPPS RUN AT FALLS CHURCH, VA",38.87944444,-77.1791667,2070010.0,ST
01652635,"TRIPPS RUN AT ANNANDALE RD AT FALLS CHURCH, VA",38.86733429,-77.17470268,2070010.0,ST
01652645,"TRIPPS RUN TRIBUTARY NEAR FALLS CHURCH, VA",38.8651121,-77.1708137,2070010.0,ST
01652650,"TRIPPS RUN NEAR FALLS CHURCH, VA",38.86038997,-77.1655358,2070010.0,ST
01652665,"TRIPPS RUN ABOVE LAKE BARCROFT NR FALLS CHURCH, VA",38.8548345,-77.1583134,2070010.0,ST
01652670,"HOLMES RUN BELOW LAKE BARCROFT, NR ALEXANDRIA, VA",38.8409459,-77.1438687,2070010.0,ST
01652675,"HOLMES RUN AT NORTH CHAMBLISS ST AT ALEXANDRIA, VA",38.8315016,-77.1349796,2070010.0,ST
01652685,"HOLMES RUN AT SHIRLEY HWY AT ALEXANDRIA, VA",38.8203907,-77.128035,2070010.0,ST
01652688,"HOLMES RUN ALONG HOLMES RUN PKWY AT ALEXANDRIA, VA",38.81527778,-77.12,2070010.0,ST
01652690,"HOLMES RUN AT ALEXANDRIA, VA",38.8123353,-77.1138679,2070010.0,ST
01652695,"BACKLICK RUN AT BRADDOCK RD NEAR ANNANDALE, VA",38.8117796,-77.19470369,2070010.0,ST
01652710,"BACKLICK RUN AT SPRINGFIELD, VA",38.80150205,-77.1869258,2070010.0,ST
01652765,"INDIAN RUN AT BRADDOCK RD AT ALEXANDRIA, VA",38.8156685,-77.1694251,2070010.0,ST
01652785,"INDIAN RUN AT CHEROKEE ST AT ALEXANDRIA, VA",38.806502,-77.1594249,2070010.0,ST
01652805,"TURKEYCOCK RUN AT CHOWAN ST AT ALEXANDRIA, VA",38.81761295,-77.1508134,2070010.0,ST
01652810,"TURKEYCOCK RUN AT ALEXANDRIA, VA",38.81011308,-77.151369,2070010.0,ST
01652860,"TURKEYCOCK RUN AT EDSALL RD AT ALEXANDRIA, VA",38.80416667,-77.14513889,2070010.0,ST
01652900,"BACKLICK RUN AT VAN DORN STREET AT ALEXANDRIA, VA",38.8033333,-77.13388889,2070010.0,ST
01652910,"BACKLICK RUN AT ALEXANDRIA, VA",38.8031688,-77.1277572,2070010.0,ST
01653000,"CAMERON RUN AT ALEXANDRIA, VA",38.8044466,-77.10558989,2070010.0,ST
01653002,"CAMERON RUN AB SOUTH QUAKER LANE AT ALEXANDRIA, VA",38.80427995,-77.0972007,2070010.0,ST
01653004,"CAMERON RUN AT SOUTH QUAKER LANE AT ALEXANDRIA, VA",38.80427997,-77.087756,2070010.0,ST
01653410,"TAYLOR RUN AT ALEXANDRIA, VA",38.80844659,-77.0749778,2070010.0,ST
0165388460,"ACCOTINK CREEK AT DALE DRIVE AT FAIRFAX, VA",38.85728056,-77.2981667,2070010.0,ST
0165388630,"ACCOTINK CREEK BELOW STAFFORD DRIVE AT FAIRFAX, VA",38.8648222,-77.2882472,2070010.0,ST
0165388895,"STORM DRAIN AT LEE HIGHWAY AT FAIRFAX, VA",38.8614222,-77.2987972,2070010.0,FA-STS
0165388995,"ACCOTINK CR TRIB 2 BL STAFFORD DR AT FAIRFAX, VA",38.8659833,-77.2895722,2070010.0,ST
0165389060,"ACCOTINK CR TRIB 2 TO TRIB 2 AT FAIRFAX, VA",38.86972778,-77.29713889,2070010.0,ST
0165389120,"ACCOTINK CR TRIB 2 TRIB 2 AT MOUTH AT FAIRFAX, VA",38.86657778,-77.2895111,2070010.0,ST
0165389140,"ACCOTINK CREEK TRIB 2 AT MOUTH AT FAIRFAX, VA",38.86564444,-77.28795,2070010.0,ST
0165389205,"ACCOTINK CREEK NEAR RANGER ROAD AT FAIRFAX, VA",38.86624167,-77.2863833,2070010.0,ST
0165389220,"ACCOTINK CREEK ABOVE LEE HIGHWAY AT FAIRFAX, VA",38.86448056,-77.283925,2070010.0,ST
0165389225,"STORM DRAIN AT STRATHAVEN PLACE AT FAIRFAX, VA",38.8776361,-77.29036389,2070010.0,FA-STS
0165389250,"ACCOTINK CREEK TRIB 3 AT PLATTEN DR AT FAIRFAX, VA",38.87480278,-77.2877833,2070010.0,ST
0165389360,"STORM DRAIN BELOW BEECH DRIVE AT FAIRFAX, VA",38.86593056,-77.28255278,2070010.0,FA-STS
0165389380,"ACCOTINK CREEK TRIB 3 AT MOUTH AT FAIRFAX, VA",38.8647361,-77.28326389,2070010.0,ST
0165389420,"ACCOTINK CREEK BELOW ARLINGTON BLVD AT FAIRFAX, VA",38.8631583,-77.2810472,2070010.0,ST
0165389440,"STORM DRAIN AT GREAT OAKS WAY AT FAIRFAX, VA",38.86283889,-77.2794361,2070010.0,FA-STS
0165389450,"ACCOTINK CREEK ABOVE OLD LEE HWY AT FAIRFAX, VA",38.86237778,-77.2785444,2070010.0,ST
0165389480,"ACCOTINK CREEK BELOW OLD LEE HWY AT FAIRFAX, VA",38.86133889,-77.2769083,2070010.0,ST
0165389490,"ACCOTINK CREEK ABOVE DANIELS RUN AT FAIRFAX, VA",38.8607861,-77.2761667,2070010.0,ST
0165389615,"STORM DRAIN AT COVER PLACE AT FAIRFAX, VA",38.84594167,-77.2966167,2070010.0,FA-STS
0165389680,"DANIELS RUN AT HERITAGE LANE AT FAIRFAX, VA",38.8513611,-77.2899111,2070010.0,ST
0165389685,"STORM DRAIN AT HERITAGE LANE AT FAIRFAX, VA",38.8519,-77.2900667,2070010.0,FA-STS
0165389710,"STORM DRAIN AT EMBASSY LANE AT FAIRFAX, VA",38.85229167,-77.2875917,2070010.0,FA-STS
0165389715,"DANIELS RUN AT EMBASSY LANE AT FAIRFAX, VA",38.8516583,-77.2866667,2070010.0,ST
0165389730,"DANIELS RUN TRIBUTARY 1 AT MOUTH AT FAIRFAX, VA",38.8511111,-77.2861111,2070010.0,ST
0165389740,"STORM DRAIN AT ESTEL ROAD AT FAIRFAX, VA",38.8504222,-77.28275,2070010.0,FA-STS
0165389770,"DANIELS RUN AT ST ANDREWS DRIVE AT FAIRFAX, VA",38.85277778,-77.2794444,2070010.0,ST
0165389785,"DANIELS RUN TRIBUTARY 2 AT MOUTH AT FAIRFAX, VA",38.8532222,-77.27913889,2070010.0,ST
0165389890,"DANIELS RUN AT MOUTH AT FAIRFAX, VA",38.8599111,-77.2757,2070010.0,ST
0165389920,"ACCOTINK CREEK ABOVE PICKETT ROAD AT FAIRFAX, VA",38.8606222,-77.273925,2070010.0,ST
01653900,"ACCOTINK CREEK AT FAIRFAX, VA",38.86094544,-77.27109429,2070010.0,ST
0165390048,"STORM DRAIN BELOW PICKETT ROAD AT FAIRFAX, VA",38.8615111,-77.2699306,2070010.0,FA-STS
0165390050,"STORM DRAIN AT OLD PICKETT ROAD AT FAIRFAX, VA",38.86217778,-77.2703222,2070010.0,FA-STS
0165390230,"STORM DRAIN ABOVE SUTTON ROAD AT FAIRFAX, VA",38.87785278,-77.2806417,2070010.0,FA-STS
0165390505,"ACCOTINK CR TRIB 4 ABOVE LEE HWY AT FAIRFAX, VA",38.8682111,-77.2727833,2070010.0,ST
0165390670,"ACCOTINK CR TRIB 4 BL ARLINGTON AT FAIRFAX, VA",38.86415278,-77.2698306,2070010.0,ST
0165390730,"ACCOTINK CREEK TRIB 4 AT MOUTH AT FAIRFAX, VA",38.862525,-77.2696861,2070010.0,ST
0165390845,"ACCOTINK CREEK AB MILL SPRINGS DR AT FAIRFAX, VA",38.86181944,-77.26658889,2070010.0,ST
0165390850,"ACCOTINK CREEK NEAR MILL SPRINGS DR AT FAIRFAX, VA",38.8614972,-77.26642778,2070010.0,ST
0165390890,"STORM DRAIN AT MILL SPRINGS DRIVE AT FAIRFAX, VA",38.8603861,-77.2661167,2070010.0,FA-STS
0165391005,"ACCOTINK CREEK ABOVE EDENVALE ROAD AT FAIRFAX, VA",38.86085556,-77.2628806,2070010.0,ST
0165391120,"ACCOTINK CR TRIB 5 AB TAPAWINGO RD AT VIENNA, VA",38.88582778,-77.27091389,2070010.0,ST
0165391150,"ACCOTINK CR TRIB 1 TRIB 5 AT MOUTH AT VIENNA, VA",38.88582778,-77.2708556,2070010.0,ST
0165391460,"ACCOTINK CREEK TRIB 5 AT HERMOSA DR AT VIENNA, VA",38.87364167,-77.2646,2070010.0,ST
0165391505,"ACCOTINK CREEK TRIB 5 BELOW LEE HWY NR FAIRFAX, VA",38.87118056,-77.26417778,2070010.0,ST
0165391550,"STORM DRAIN AT NUTLEY STREET AT FAIRFAX, VA",38.87024167,-77.2634667,2070010.0,FA-STS
0165391580,"STORM DRAIN ABOVE BARRICK STREET AT FAIRFAX, VA",38.86856389,-77.2630111,2070010.0,FA-STS
0165391630,"STORM DRAIN AT BARRICK STREET AT FAIRFAX, VA",38.8671583,-77.2626194,2070010.0,FA-STS
0165391660,"ACCOTINK CREEK TRIB 5 AB ARLINGTON NR FAIRFAX, VA",38.8661333,-77.2633472,2070010.0,ST
0165391805,"ACCOTINK CREEK TRIB 5 AT MOUTH NEAR FAIRFAX, VA",38.86170278,-77.2618583,2070010.0,ST
0165392005,"ACCOTINK CREEK ABOVE BARKLEY DRIVE AT FAIRFAX, VA",38.8592722,-77.2567,2070010.0,ST
0165392098,"STORM DRAIN BELOW COTTAGE STREET AT VIENNA, VA",38.8850611,-77.2531944,2070010.0,FA-STS
0165392145,"BEAR BRANCH AT WARE STREET AT VIENNA, VA",38.87972778,-77.2527944,2070010.0,ST
0165392148,"STORM DRAIN AT ONONDIO CIRCLE AT VIENNA, VA",38.89694444,-77.2441667,2070010.0,FA-STS
0165392298,"STORM DRAIN NEAR PATRICK STREET AT VIENNA, VA",38.8836,-77.2496194,2070010.0,FA-STS
0165392305,"BEAR BRANCH TRIB 1 BELOW COTTAGE ST AT VIENNA, VA",38.8836083,-77.2496306,2070010.0,ST
0165392338,"BEAR BRANCH TRIB 1 AT MOUTH AT VIENNA, VA",38.87995556,-77.2521917,2070010.0,ST
0165392363,"BEAR BRANCH AT ALBANY COURT AT VIENNA, VA",38.87794444,-77.2536833,2070010.0,ST
0165392387,"BEAR BRANCH ABOVE HUNTER ROAD AT VIENNA, VA",38.874925,-77.254175,2070010.0,ST
0165392390,"STORM DRAIN 1 AT ESPANA COURT AT VIENNA, VA",38.87475,-77.2529583,2070010.0,FA-STS
0165392395,"STORM DRAIN 2 AT ESPANA COURT AT VIENNA, VA",38.8738861,-77.2529556,2070010.0,FA-STS
01653925,"BEAR BRANCH NEAR VIENNA, VA",38.86511199,-77.2552604,2070010.0,ST
0165393045,"BEAR BRANCH NEAR KAREN DRIVE NEAR FAIRFAX, VA",38.861,-77.2562583,2070010.0,ST
0165393070,"ACCOTINK CREEK ABOVE BARKLEY DRIVE NR FAIRFAX, VA",38.8593361,-77.2556306,2070010.0,ST
01653940,"ACCOTINK CREEK AT BARKLEY DR NEAR FAIRFAX, VA",38.85816766,-77.2549827,2070010.0,ST
0165394250,"ACCOTINK CR ABOVE PROSPERITY AVE NEAR FAIRFAX, VA",38.85408056,-77.2496556,2070010.0,ST
0165394258,"STORM DRAIN 1 BELOW STONEWALL DRIVE AT VIENNA, VA",38.8886861,-77.23482778,2070010.0,FA-STS
0165394260,"STORM DRAIN 2 BELOW STONEWALL DRIVE AT VIENNA, VA",38.8886861,-77.2348167,2070010.0,FA-STS
0165394490,"LONG BRANCH BELOW COTTAGE STREET AT VIENNA, VA",38.8842333,-77.2367861,2070010.0,ST
0165394660,"LONG BRANCH AT WESLEYAN STREET AT VIENNA, VA",38.88109167,-77.238475,2070010.0,ST
0165394695,"STORM DRAIN AT PROSPERITY AVENUE AT VIENNA, VA",38.88106944,-77.2340944,2070010.0,FA-STS
0165394710,"STORM DRAIN BELOW INTERSTATE 66 AT VIENNA, VA",38.8798083,-77.23880278,2070010.0,FA-STS
0165394715,"LONG BRANCH BELOW INTERSTATE 66 AT VIENNA, VA",38.87968889,-77.2388556,2070010.0,ST
0165394775,"STORM DRAIN 1 NR PROSPERITY AVENUE AT VIENNA, VA",38.87845278,-77.23795278,2070010.0,FA-STS
0165394780,"STORM DRAIN 2 NR PROSPERITY AVENUE AT VIENNA, VA",38.8781972,-77.23773889,2070010.0,FA-STS
0165394960,"LONG BRANCH ABOVE OLD LEE HIGHWAY AT VIENNA, VA",38.87427778,-77.2419944,2070010.0,ST
01653950,"LONG BRANCH AT VIENNA, VA",38.8731674,-77.2424822,2070010.0,ST
0165395130,"LONG BRANCH AT DOGWOOD LANE AT VIENNA, VA",38.87059444,-77.2428,2070010.0,ST
0165395865,"STORM DRAIN AT EXECUTIVE PARK AVE NEAR FAIRFAX, VA",38.867175,-77.2397194,2070010.0,FA-STS
0165395975,"LONG BRANCH ABOVE ARLINGTON BLVD NEAR FAIRFAX, VA",38.86573889,-77.2432361,2070010.0,ST
01653960,"LONG BRANCH AT ARLINGTON BLVD NEAR VIENNA, VA",38.86511198,-77.2438712,2070010.0,ST
0165396330,"LONG BRANCH NEAR COPELAND POND CT NEAR FAIRFAX, VA",38.8627083,-77.2457556,2070010.0,ST
0165396825,"LONG BRANCH NEAR MANTUA DRIVE NEAR FAIRFAX, VA",38.85874167,-77.2481556,2070010.0,ST
0165397320,"LONG BRANCH AT MOUTH NEAR FAIRFAX, VA",38.8546472,-77.2493167,2070010.0,ST
01653975,"ACCOTINK CREEK AT PROSPERITY AVE NEAR FAIRFAX, VA",38.85372328,-77.24692699,2070010.0,ST
0165397510,"ACCOTINK CR BELOW PROSPERITY AVE NEAR FAIRFAX, VA",38.85305556,-77.2458333,2070010.0,ST
0165397515,"STORM DRAIN AT SHANDWICK PLACE NEAR FAIRFAX, VA",38.86201944,-77.23181389,2070010.0,FA-STS
0165397550,"STORM DRAIN AT APPLEGATE COURT NEAR FAIRFAX, VA",38.85865278,-77.2350056,2070010.0,FA-STS
0165397590,"ACCOTINK CR TRIB 6 AT HILLSIDE PL NR FAIRFAX, VA",38.8581583,-77.2405556,2070010.0,ST
0165397640,"ACCOTINK CR TRIB 6 AT MOUTH NEAR FAIRFAX, VA",38.8536111,-77.2455556,2070010.0,ST
0165397705,"ACCOTINK CREEK NEAR BEVERLY DRIVE NEAR FAIRFAX, VA",38.8487222,-77.239325,2070010.0,ST
0165397715,"STORM DRAIN NEAR BEVERLY DRIVE NEAR FAIRFAX, VA",38.84840278,-77.2385194,2070010.0,FA-STS
0165397840,"STORM DRAIN AT BOSWORTH COURT NEAR FAIRFAX, VA",38.84413889,-77.2638833,2070010.0,FA-STS
0165397875,"STORM DRAIN AT CHANTAL LANE NEAR FAIRFAX, VA",38.8448972,-77.2592056,2070010.0,FA-STS
0165397915,"CROOK BRANCH AT GLADE HILL ROAD NEAR FAIRFAX, VA",38.8452583,-77.2529972,2070010.0,ST
0165397925,"CROOK BRANCH TRIBUTARY 1 AT MOUTH NEAR FAIRFAX, VA",38.8450611,-77.2529444,2070010.0,ST
0165397950,"STORM DRAIN AT GLADE HILL ROAD NEAR FAIRFAX, VA",38.84425556,-77.2518694,2070010.0,FA-STS
01653980,"CROOK BRANCH AT PROSPERITY AVE NEAR FAIRFAX, VA",38.8473345,-77.2472049,2070010.0,ST
0165398350,"CROOK BRANCH AT MOUTH NEAR FAIRFAX, VA",38.84711944,-77.2396444,2070010.0,ST
01653985,"ACCOTINK CREEK AT WOODBURN RD NR ANNANDALE, VA",38.8462234,-77.2374824,2070010.0,ST
0165398530,"ACCOTINK CREEK TRIB 7 AT MOUTH NEAR ANNANDALE, VA",38.84590556,-77.2376944,2070010.0,ST
0165398550,"ACCOTINK CR TRIB 8 AT WOODBURN RD NR ANNANDALE, VA",38.85505,-77.2268361,2070010.0,ST
0165398555,"STORM DRAIN ABOVE WOODBURN ROAD NEAR ANNANDALE, VA",38.85501389,-77.2268472,2070010.0,FA-STS
0165398590,"ACCOTINK CR TRIB 8 AB CHIVALRY RD NR ANNANDALE, VA",38.85065,-77.22711389,2070010.0,ST
0165398660,"ACCOTINK CREEK TRIB 8 AT MOUTH NEAR ANNANDALE, VA",38.84561667,-77.2338944,2070010.0,ST
0165398670,"ACCOTINK CREEK TRIB 9 AT MOUTH NEAR ANNANDALE, VA",38.8443333,-77.2345806,2070010.0,ST
0165398685,"STORM DRAIN AT KAY COURT NEAR ANNANDALE, VA",38.84229444,-77.2324083,2070010.0,FA-STS
01653987,"ACCOTINK CREEK AT KING AUTHUR RD NR ANNANDALE, VA",38.84261238,-77.23025999,2070010.0,ST
01653990,"ACCOTINK CREEK NEAR LAKE BLVD NEAR ANNANDALE, VA",38.84289016,-77.2266488,2070010.0,ST
0165399020,"ACCOTINK CREEK NR HILLCREST LANE NR ANNANDALE, VA",38.84399444,-77.2221361,2070010.0,ST
0165399035,"ACCOTINK CR TRIB 10 NR REBEL DR AT ANNANDALE, VA",38.84793889,-77.2194361,2070010.0,ST
0165399055,"ACCOTINK CREEK TRIB 10 AT MOUTH NR ANNANDALE, VA",38.84401389,-77.2220583,2070010.0,ST
0165399060,"STORM DRAIN NEAR THOR DRIVE AT ANNANDALE, VA",38.84442778,-77.2193056,2070010.0,FA-STS
0165399095,"ACCOTINK CR AB LITTLE RIVER TPKE NR ANNANDALE, VA",38.83621944,-77.220225,2070010.0,ST
0165399132,"STORM DRAIN AT MACGREGOR COURT AT ANNANDALE, VA",38.84341389,-77.2133861,2070010.0,FA-STS
0165399155,"ACCOTINK CR TRIB 11 NR HIRST DR AT ANNANDALE, VA",38.83725278,-77.2155917,2070010.0,ST
0165399190,"ACCOTINK CR TRIB 1 TO TRIB 11 AT ANNANDALE, VA",38.8369472,-77.2156167,2070010.0,ST
0165399215,"ACCOTINK CREEK TRIB 11 AT MOUTH AT ANNANDALE, VA",38.83479167,-77.21861389,2070010.0,ST
0165399225,"ACCOTINK CREEK NEAR ACCOTINK PKWY AT ANNANDALE, VA",38.83259444,-77.2199611,2070010.0,ST
0165399235,"STORM DRAIN 1 AT CARMELO DRIVE AT ANNANDALE, VA",38.8306472,-77.2084972,2070010.0,FA-STS
0165399237,"STORM DRAIN 2 AT CARMELO DRIVE AT ANNANDALE, VA",38.83066667,-77.2085111,2070010.0,FA-STS
0165399252,"STORM DRAIN AT AMERICANA DRIVE AT ANNANDALE, VA",38.83273056,-77.2137333,2070010.0,FA-STS
0165399255,"STORM DRAIN NEAR IVYMOUNT COURT AT ANNANDALE, VA",38.830375,-77.2144,2070010.0,FA-STS
0165399285,"ACCOTINK CREEK TRIB 12 AT MOUTH AT ANNANDALE, VA",38.83236389,-77.219725,2070010.0,ST
0165399313,"ACCOTINK CREEK NEAR WOODLARK DR AT ANNANDALE, VA",38.82850278,-77.2238083,2070010.0,ST
0165399345,"ACCOTINK CR TRIB 13 AT HILLCREST NR ANNANDALE, VA",38.83821389,-77.22953889,2070010.0,ST
0165399368,"STORM DRAIN AT CAMPUS DRIVE NEAR ANNANDALE, VA",38.8350361,-77.2345306,2070010.0,FA-STS
0165399430,"ACCOTINK CREEK TRIB 13 AT MOUTH AT ANNANDALE, VA",38.8283472,-77.22440278,2070010.0,ST
0165399438,"ACCOTINK CREEK NR BRIAR CREEK DR NR ANNANDALE, VA",38.8264083,-77.22392778,2070010.0,ST
0165399495,"ACCOTINK CREEK TRIB 14 AT MOUTH NEAR ANNANDALE, VA",38.82629167,-77.2243861,2070010.0,ST
01653995,"ACCOTINK CREEK BELOW MILL CREEK NR ANNANDALE, VA",38.8256682,-77.2244267,2070010.0,ST
0165399507,"STORM DRAIN AT PATRIOT LANE AT ANNANDALE, VA",38.82507778,-77.2181861,2070010.0,FA-STS
0165399515,"ACCOTINK CREEK TRIB 15 AT MOUTH NEAR ANNANDALE, VA",38.82542778,-77.223875,2070010.0,ST
0165399522,"STORM DRAIN NEAR COMMONS DRIVE AT ANNANDALE, VA",38.8222972,-77.2212556,2070010.0,FA-STS
0165399535,"ACCOTINK CREEK ABOVE TURKEY RUN NEAR ANNANDALE, VA",38.81646389,-77.2280417,2070010.0,ST
0165399573,"TURKEY RUN NEAR BANFF STREET NEAR ANNANDALE, VA",38.82666667,-77.2441667,2070010.0,ST
0165399575,"TURKEY RUN ABOVE SUGARBUSH COURT NR ANNANDALE, VA",38.82588889,-77.24117778,2070010.0,ST
0165399585,"TURKEY RUN TRIB 1 NR SUGARBUSH CT NR ANNANDALE, VA",38.824825,-77.2380111,2070010.0,ST
01653996,"TURKEY RUN AT WAKEFIELD CHAPEL RD NR ANNANDALE, VA",38.8223349,-77.2349826,2070010.0,ST
0165399645,"TURKEY RUN ABOVE PRIVATE LANE NEAR ANNANDALE, VA",38.82078056,-77.23226389,2070010.0,ST
0165399675,"STORM DRAIN AT OLD WELL ROAD NEAR ANNANDALE, VA",38.81809444,-77.23281389,2070010.0,FA-STS
0165399715,"TURKEY RUN AT MOUTH NEAR ANNANDALE, VA",38.81638889,-77.2286111,2070010.0,ST
0165399770,"STORM DRAIN AT KALORAMA ROAD AT ANNANDALE, VA",38.81355,-77.2178167,2070010.0,FA-STS
01654000,"ACCOTINK CREEK NEAR ANNANDALE, VA",38.81289066,-77.2283158,2070010.0,ST
01654079,"LONG BRANCH NR OLD CREEK DRIVE NR FAIRFAX, VA",38.82924444,-77.2774111,2070010.0,ST
01654094,"LONG BRANCH NR PICKETT ROAD NR FAIRFAX, VA",38.8258222,-77.272875,2070010.0,ST
01654107,"LONG BRANCH AT OLLEY LANE NR FAIRFAX, VA",38.8246,-77.2667,2070010.0,ST
01654197,"LONG BRANCH ABOVE GUINEA ROAD NR FAIRFAX, VA",38.82101667,-77.2627806,2070010.0,ST
01654200,"LONG BRANCH AT GUINEA RD NEAR FAIRFAX, VA",38.8206683,-77.26220559,2070010.0,ST
01654250,"LONG BRANCH BELOW GUINEA ROAD NR FAIRFAX, VA",38.82049444,-77.2604111,2070010.0,ST
01654259,"LONG BRANCH NR TABARD TRAIL NR FAIRFAX, VA",38.8176111,-77.2566556,2070010.0,ST
01654345,"LONG BRANCH AB WOODLAND WAY NEAR FAIRFAX, VA",38.817275,-77.2505417,2070010.0,ST
01654500,"LONG BRANCH NEAR ANNANDALE, VA",38.81358508,-77.2364549,2070010.0,ST
01654514,"ACCOTINK CR NR DANBURY FOREST DR NR ANNANDALE, VA",38.80675,-77.2331194,2070010.0,ST
01654520,"ACCOTINK CREEK BELOW LONG BR NR ANNANDALE, VA",38.80427969,-77.2324827,2070010.0,ST
01655180,"EAST FORK RABBIT BR AT BRADDOCK RD AT FAIRFAX, VA",38.8265017,-77.2941509,2070010.0,ST
01655250,"RABBIT BRANCH BELOW BRADDOCK RD NEAR FAIRFAX, VA",38.81983514,-77.2905397,2070010.0,ST
01655305,"RABBIT BRANCH TRIBUTARY AB LAKE ROYAL NR BURKE, VA",38.80841667,-77.2967833,2070010.0,ST
01655310,"RABBIT BRANCH NEAR BURKE, VA",38.8017799,-77.28831759,2070010.0,ST
384801076543501,PG Ed  33,38.8003916,-76.9094175,2070010.0,GW
384802077022200,"POTOMAC RIVER AT WOLFE STREET AT ALEXANDRIA, VA",38.80055556,-77.0394444,2070010.0,ST-TS
384805077031301,54U 27E,38.8015023,-77.0533105,2070010.0,GW
384808077045501,54U 28E,38.80233558,-77.0816447,2070010.0,GW
384811077022100,"POTOMAC RIVER AT PRINCE STREET AT ALEXANDRIA, VA",38.80305556,-77.0391667,2070010.0,ST-TS
384813076590203,PG Ec  26,38.80372465,-76.98358618,2070010.0,GW
384815077011001,POTOMAC RIVER AT BLUE PLAINS,38.81261326,-77.0363656,2070010.0,ES
384815077022200,"POTOMAC RIVER AT 2 KING STREET AT ALEXANDRIA, VA",38.80416667,-77.0394444,2070010.0,ST-TS
384816077022500,"POTOMAC RIVER AT 101 KING ST AT ALEXANDRIA, VA",38.80444444,-77.04027778,2070010.0,ST-TS
384820076563701,PG2013G001,38.80555556,-76.9436111,2070010.0,GW
384822077022101,PG Eb   1,38.80622448,-77.0388656,2070010.0,GW
384823077022000,"POTOMAC R AT FOUNDERS PARK DOCK AT ALEXANDRIA, VA",38.80638889,-77.03888889,2070010.0,ST-TS
384823077022300,"POTOMAC RIVER AT FOUNDERS PARK AT ALEXANDRIA, VA",38.80638889,-77.0397222,2070010.0,ST-TS
384823077022301,54U 47F,38.80650225,-77.03942119,2070010.0,GW
384823077135901,ACCOTINK CREEK BELOW LONG BR X-SECT. A,38.80653056,-77.2331111,,LA-SR
384823077135902,ACCOTINK CREEK BELOW LONG BR X-SECT. B,38.80653056,-77.2331111,,LA-SR
384823077135903,ACCOTINK CREEK BELOW LONG BR X-SECT. C,38.80653056,-77.2331111,,LA-SR
384823077135904,ACCOTINK CREEK BELOW LONG BR X-SECT. D,38.80653056,-77.2331111,,LA-SR
384823077135905,ACCOTINK CREEK BELOW LONG BR X-SECT. E,38.80653056,-77.2331111,,LA-SR
384823077135906,ACCOTINK CREEK BELOW LONG BR X-SECT. F,38.80653056,-77.2331111,,LA-SR
384823077135907,ACCOTINK CREEK BELOW LONG BR X-SECT. G,38.80653056,-77.2331111,,LA-SR
384823077135908,ACCOTINK CREEK BELOW LONG BR X-SECT. H,38.80653056,-77.2331111,,LA-SR
384823077135909,ACCOTINK CREEK BELOW LONG BR X-SECT. I,38.80653056,-77.2331111,,LA-SR
384823077135910,ACCOTINK CREEK BELOW LONG BR X-SECT. J,38.80653056,-77.2331111,,LA-SR
384823077135911,ACCOTINK CREEK BELOW LONG BR X-SECT. K,38.80653056,-77.2331111,,LA-SR
384823077135912,ACCOTINK CREEK BELOW LONG BR X-SECT. L,38.80653056,-77.2331111,,LA-SR
384823077135913,ACCOTINK CREEK BELOW LONG BR X-SECT. M,38.80653056,-77.2331111,,LA-SR
384823077135914,ACCOTINK CREEK BELOW LONG BR X-SECT. N,38.80653056,-77.2331111,,LA-SR
384823077135915,ACCOTINK CREEK BELOW LONG BR X-SECT. O,38.80653056,-77.2331111,,LA-SR
384823077135916,ACCOTINK CREEK BELOW LONG BR X-SECT. P,38.80653056,-77.2331111,,LA-SR
384827077040801,54U 43E,38.80761329,-77.0685888,2070010.0,GW
384828077040601,54U 44E,38.80789106,-77.06803318,2070010.0,GW
384828077040801,54U 42E,38.80789106,-77.0685888,2070010.0,GW
384833077022601,54U 19F,38.80927998,-77.0402546,2070010.0,GW
384842077134508,"BRADDOCK RD PUMP STA NR ANNANDALE, VA",38.81177957,-77.22887139,2070010.0,AT
384843077054301,54U 50D,38.8120576,-77.0949784,2070010.0,GW
384844077021800,"POTOMAC RIVER AT 100 MADISON ST AT ALEXANDRIA, VA",38.8122222,-77.0383333,2070010.0,ST-TS
384844077022200,"POTOMAC RIVER AT 120 MADISON ST AT ALEXANDRIA, VA",38.8122222,-77.0394444,2070010.0,ST-TS
384844077030001,54U 30E,38.81233546,-77.04969929,2070010.0,GW
384845077134201,ACCOTINK CREEK NEAR ANNANDALE X-SECT. A,38.8127,-77.2285,,LA-SR
384845077134202,ACCOTINK CREEK NEAR ANNANDALE X-SECT. B,38.8127,-77.2285,,LA-SR
384845077134203,ACCOTINK CREEK NEAR ANNANDALE X-SECT. C,38.8127,-77.2285,,LA-SR
384845077134204,ACCOTINK CREEK NEAR ANNANDALE X-SECT. D,38.8127,-77.2285,,LA-SR
384845077134205,ACCOTINK CREEK NEAR ANNANDALE X-SECT. E,38.8127,-77.2285,,LA-SR
384845077134206,ACCOTINK CREEK NEAR ANNANDALE X-SECT. F,38.8127,-77.2285,,LA-SR
384845077134207,ACCOTINK CREEK NEAR ANNANDALE X-SECT. G,38.8127,-77.2285,,LA-SR
384845077134208,ACCOTINK CREEK NEAR ANNANDALE X-SECT. H,38.8127,-77.2285,,LA-SR
384845077134209,ACCOTINK CREEK NEAR ANNANDALE X-SECT. I,38.8127,-77.2285,,LA-SR
384845077134210,ACCOTINK CREEK NEAR ANNANDALE X-SECT. J,38.8127,-77.2285,,LA-SR
384845077134211,ACCOTINK CREEK NEAR ANNANDALE X-SECT. K,38.8127,-77.2285,,LA-SR
384845077134212,ACCOTINK CREEK NEAR ANNANDALE X-SECT. L,38.8127,-77.2285,,LA-SR
384845077134213,ACCOTINK CREEK NEAR ANNANDALE X-SECT. M,38.8127,-77.2285,,LA-SR
384845077134214,ACCOTINK CREEK NEAR ANNANDALE X-SECT. N,38.8127,-77.2285,,LA-SR
384845077134215,ACCOTINK CREEK NEAR ANNANDALE X-SECT. O,38.8127,-77.2285,,LA-SR
384845077134216,ACCOTINK CREEK NEAR ANNANDALE X-SECT. P,38.8127,-77.2285,,LA-SR
384846077022401,54U 18F,38.812891,-77.03969899,2070010.0,GW
384848077141301,LONG BRANCH NR ANNANDALE FLOODPLAIN1A,38.81343056,-77.23685,,LA-SR
384848077141302,LONG BRANCH NR ANNANDALE FLOODPLAIN1B,38.81343056,-77.23685,,LA-SR
384848077141303,LONG BRANCH NR ANNANDALE FLOODPLAIN1C,38.81343056,-77.23685,,LA-SR
384848077141304,LONG BRANCH NR ANNANDALE FLOODPLAIN1D,38.81343056,-77.23685,,LA-SR
384848077141305,LONG BRANCH NR ANNANDALE FLOODPLAIN1E,38.81343056,-77.23685,,LA-SR
384848077141306,LONG BRANCH NR ANNANDALE FLOODPLAIN2A,38.81343056,-77.23685,,LA-SR
384848077141307,LONG BRANCH NR ANNANDALE FLOODPLAIN2B,38.81343056,-77.23685,,LA-SR
384848077141308,LONG BRANCH NR ANNANDALE FLOODPLAIN2C,38.81343056,-77.23685,,LA-SR
384848077141309,LONG BRANCH NR ANNANDALE FLOODPLAIN2D,38.81343056,-77.23685,,LA-SR
384848077141310,LONG BRANCH NR ANNANDALE FLOODPLAIN2E,38.81343056,-77.23685,,LA-SR
384848077141311,LONG BRANCH NR ANNANDALE FLOODPLAIN3A,38.81343056,-77.23685,,LA-SR
384848077141312,LONG BRANCH NR ANNANDALE FLOODPLAIN3B,38.81343056,-77.23685,,LA-SR
384848077141313,LONG BRANCH NR ANNANDALE FLOODPLAIN3C,38.81343056,-77.23685,,LA-SR
384848077141314,LONG BRANCH NR ANNANDALE FLOODPLAIN3D,38.81343056,-77.23685,,LA-SR
384848077141315,LONG BRANCH NR ANNANDALE FLOODPLAIN3E,38.81343056,-77.23685,,LA-SR
384848077141316,LONG BRANCH NR ANNANDALE FLOODPLAIN4A,38.81343056,-77.23685,,LA-SR
384848077141317,LONG BRANCH NR ANNANDALE FLOODPLAIN4B,38.81343056,-77.23685,,LA-SR
384848077141318,LONG BRANCH NR ANNANDALE FLOODPLAIN4C,38.81343056,-77.23685,,LA-SR
384848077141319,LONG BRANCH NR ANNANDALE FLOODPLAIN4D,38.81343056,-77.23685,,LA-SR
384848077141320,LONG BRANCH NR ANNANDALE FLOODPLAIN4E,38.81343056,-77.23685,,LA-SR
384851077002001,PG Eb   2,38.81427996,-77.0052535,2070010.0,GW
384852077001701,54U 37F,38.8145577,-77.0044202,2070010.0,GW
384852077014000,BLUE PLAINS SEWAGE TREATMENT PLANT,38.81455769,-77.0274764,2070010.0,ST
384852077014001,BLUE PLAINS SEWAGE TREATMENT PLANT OUTFALL 001,38.81455769,-77.0274764,2070010.0,ST
384852077014002,BLUE PLAINS SEWAGE TREATMENT PLANT OUTFALL 002,38.81455769,-77.0274764,2070010.0,ST
384852077020500,POTOMAC RIVER AT MARBURY POINT,38.81455768,-77.034421,2070010.0,ES
384854076543601,PG Ed  32,38.81511355,-76.9096953,2070010.0,GW
384856077030501,54U 15E,38.8156687,-77.0510882,2070010.0,GW
384858077030501,54U 14E,38.81622428,-77.0510882,2070010.0,GW
384900077020000,POTOMAC RIVER LAGRANGIAN SHALLOW,38.81677986,-77.0330321,2070010.0,ES
384900077021000,POTOMAC RIVER LAGRANGIAN CHANNEL,38.81677986,-77.03580999,2070010.0,ES
384902077030501,54U 17E,38.81733537,-77.0510882,2070010.0,GW
384902077150201,Long Branch Woodland Way Floodplain1A,38.817275,-77.2505417,,LA-SR
384902077150202,Long Branch Woodland Way Floodplain1B,38.817275,-77.2505417,,LA-SR
384902077150203,Long Branch Woodland Way Floodplain1C,38.817275,-77.2505417,,LA-SR
384902077150204,Long Branch Woodland Way Floodplain1D,38.817275,-77.2505417,,LA-SR
384902077150205,Long Branch Woodland Way Floodplain1E,38.817275,-77.2505417,,LA-SR
384902077150206,Long Branch Woodland Way Floodplain2A,38.817275,-77.2505417,,LA-SR
384902077150207,Long Branch Woodland Way Floodplain2B,38.817275,-77.2505417,,LA-SR
384902077150208,Long Branch Woodland Way Floodplain2C,38.817275,-77.2505417,,LA-SR
384902077150209,Long Branch Woodland Way Floodplain2D,38.817275,-77.2505417,,LA-SR
384902077150210,Long Branch Woodland Way Floodplain2E,38.817275,-77.2505417,,LA-SR
384902077150211,Long Branch Woodland Way Floodplain3A,38.817275,-77.2505417,,LA-SR
384902077150212,Long Branch Woodland Way Floodplain3B,38.817275,-77.2505417,,LA-SR
384902077150213,Long Branch Woodland Way Floodplain3C,38.817275,-77.2505417,,LA-SR
384902077150214,Long Branch Woodland Way Floodplain3D,38.817275,-77.2505417,,LA-SR
384902077150215,Long Branch Woodland Way Floodplain3E,38.817275,-77.2505417,,LA-SR
384902077150216,Long Branch Woodland Way Floodplain4A,38.817275,-77.2505417,,LA-SR
384902077150217,Long Branch Woodland Way Floodplain4B,38.817275,-77.2505417,,LA-SR
384902077150218,Long Branch Woodland Way Floodplain4C,38.817275,-77.2505417,,LA-SR
384902077150219,Long Branch Woodland Way Floodplain4D,38.817275,-77.2505417,,LA-SR
384902077150220,Long Branch Woodland Way Floodplain4E,38.817275,-77.2505417,,LA-SR
384903077053001,54U 34D,38.81761307,-77.0913672,2070010.0,GW
384903077152401,Long Branch Tabard Place Floodplain1A,38.8176111,-77.2567,,LA-SR
384903077152402,Long Branch Tabard Place Floodplain1B,38.8176111,-77.2567,,LA-SR
384903077152403,Long Branch Tabard Place Floodplain1C,38.8176111,-77.2567,,LA-SR
384903077152404,Long Branch Tabard Place Floodplain1D,38.8176111,-77.2567,,LA-SR
384903077152405,Long Branch Tabard Place Floodplain1E,38.8176111,-77.2567,,LA-SR
384903077152406,Long Branch Tabard Place Floodplain2A,38.8176111,-77.2567,,LA-SR
384903077152407,Long Branch Tabard Place Floodplain2B,38.8176111,-77.2567,,LA-SR
384903077152408,Long Branch Tabard Place Floodplain2C,38.8176111,-77.2567,,LA-SR
384903077152409,Long Branch Tabard Place Floodplain2D,38.8176111,-77.2567,,LA-SR
384903077152410,Long Branch Tabard Place Floodplain2E,38.8176111,-77.2567,,LA-SR
384903077152411,Long Branch Tabard Place Floodplain3A,38.8176111,-77.2567,,LA-SR
384903077152412,Long Branch Tabard Place Floodplain3B,38.8176111,-77.2567,,LA-SR
384903077152413,Long Branch Tabard Place Floodplain3C,38.8176111,-77.2567,,LA-SR
384903077152414,Long Branch Tabard Place Floodplain3D,38.8176111,-77.2567,,LA-SR
384903077152415,Long Branch Tabard Place Floodplain3E,38.8176111,-77.2567,,LA-SR
384903077152416,Long Branch Tabard Place Floodplain4A,38.8176111,-77.2567,,LA-SR
384903077152417,Long Branch Tabard Place Floodplain4B,38.8176111,-77.2567,,LA-SR
384903077152418,Long Branch Tabard Place Floodplain4C,38.8176111,-77.2567,,LA-SR
384903077152419,Long Branch Tabard Place Floodplain4D,38.8176111,-77.2567,,LA-SR
384903077152420,Long Branch Tabard Place  Floodplain4E,38.8176111,-77.2567,,LA-SR
384904077030401,54U  8E,38.8178909,-77.0508104,2070010.0,GW
384906077030201,54U  7E,38.81844647,-77.0502549,2070010.0,GW
384907077030201,54U  6E,38.81872424,-77.0502549,2070010.0,GW
384914077153701,LONG BRANCH BELOW GUINEA RD FLOODPLAIN1A,38.82049444,-77.2604111,,LA-SR
384914077153702,LONG BRANCH BELOW GUINEA RD FLOODPLAIN1B,38.82049444,-77.2604111,,LA-SR
384914077153703,LONG BRANCH BELOW GUINEA RD FLOODPLAIN1C,38.82049444,-77.2604111,,LA-SR
384914077153704,LONG BRANCH BELOW GUINEA RD FLOODPLAIN1D,38.82049444,-77.2604111,,LA-SR
384914077153705,LONG BRANCH BELOW GUINEA RD FLOODPLAIN1E,38.82049444,-77.2604111,,LA-SR
384914077153706,LONG BRANCH BELOW GUINEA RD FLOODPLAIN2A,38.82049444,-77.2604111,,LA-SR
384914077153707,LONG BRANCH BELOW GUINEA RD FLOODPLAIN2B,38.82049444,-77.2604111,,LA-SR
384914077153708,LONG BRANCH BELOW GUINEA RD FLOODPLAIN2C,38.82049444,-77.2604111,,LA-SR
384914077153709,LONG BRANCH BELOW GUINEA RD FLOODPLAIN2D,38.82049444,-77.2604111,,LA-SR
384914077153710,LONG BRANCH BELOW GUINEA RD FLOODPLAIN2E,38.82049444,-77.2604111,,LA-SR
384914077153711,LONG BRANCH BELOW GUINEA RD FLOODPLAIN3A,38.82049444,-77.2604111,,LA-SR
384914077153712,LONG BRANCH BELOW GUINEA RD FLOODPLAIN3B,38.82049444,-77.2604111,,LA-SR
384914077153713,LONG BRANCH BELOW GUINEA RD FLOODPLAIN3C,38.82049444,-77.2604111,,LA-SR
384914077153714,LONG BRANCH BELOW GUINEA RD FLOODPLAIN3D,38.82049444,-77.2604111,,LA-SR
384914077153715,LONG BRANCH BELOW GUINEA RD FLOODPLAIN3E,38.82049444,-77.2604111,,LA-SR
384914077153716,LONG BRANCH BELOW GUINEA RD FLOODPLAIN4A,38.82049444,-77.2604111,,LA-SR
384914077153717,LONG BRANCH BELOW GUINEA RD FLOODPLAIN4B,38.82049444,-77.2604111,,LA-SR
384914077153718,LONG BRANCH BELOW GUINEA RD FLOODPLAIN4C,38.82049444,-77.2604111,,LA-SR
384914077153719,LONG BRANCH BELOW GUINEA RD FLOODPLAIN4D,38.82049444,-77.2604111,,LA-SR
384914077153720,LONG BRANCH BELOW GUINEA RD FLOODPLAIN4E,38.82049444,-77.2604111,,LA-SR
384916077154601,LONG BRANCH ABOVE GUINEA RD FLOODPLAIN1A,38.82101667,-77.2627806,,LA-SR
384916077154602,LONG BRANCH ABOVE GUINEA RD  FLOODPLAIN1B,38.82101667,-77.2627806,,LA-SR
384916077154603,LONG BRANCH ABOVE GUINEA RD FLOODPLAIN1C,38.82101667,-77.2627806,,LA-SR
384916077154604,LONG BRANCH ABOVE GUINEA RD FLOODPLAIN1D,38.82101667,-77.2627806,,LA-SR
384916077154605,LONG BRANCH ABOVE GUINEA RD FLOODPLAIN1E,38.82101667,-77.2627806,,LA-SR
384916077154606,LONG BRANCH ABOVE GUINEA RD FLOODPLAIN2A,38.82101667,-77.2627806,,LA-SR
384916077154607,LONG BRANCH ABOVE GUINEA RD FLOODPLAIN2B,38.82101667,-77.2627806,,LA-SR
384916077154608,LONG BRANCH ABOVE GUINEA RD FLOODPLAIN2C,38.82101667,-77.2627806,,LA-SR
384916077154609,LONG BRANCH ABOVE GUINEA RD FLOODPLAIN2D,38.82101667,-77.2627806,,LA-SR
384916077154610,LONG BRANCH ABOVE GUINEA RD FLOODPLAIN2E,38.82101667,-77.2627806,,LA-SR
384916077154611,LONG BRANCH ABOVE GUINEA RD FLOODPLAIN3A,38.82101667,-77.2627806,,LA-SR
384916077154612,LONG BRANCH ABOVE GUINEA RD FLOODPLAIN3B,38.82101667,-77.2627806,,LA-SR
384916077154613,LONG BRANCH ABOVE GUINEA RD FLOODPLAIN3C,38.82101667,-77.2627806,,LA-SR
384916077154614,LONG BRANCH ABOVE GUINEA RD FLOODPLAIN3D,38.82101667,-77.2627806,,LA-SR
384916077154615,LONG BRANCH ABOVE GUINEA RD FLOODPLAIN3E,38.82101667,-77.2627806,,LA-SR
384916077154616,LONG BRANCH ABOVE GUINEA RD FLOODPLAIN4A,38.82101667,-77.2627806,,LA-SR
384916077154617,LONG BRANCH ABOVE GUINEA RD FLOODPLAIN4B,38.82101667,-77.2627806,,LA-SR
384916077154618,LONG BRANCH ABOVE GUINEA RD FLOODPLAIN4C,38.82101667,-77.2627806,,LA-SR
384916077154619,LONG BRANCH ABOVE GUINEA RD FLOODPLAIN4D,38.82101667,-77.2627806,,LA-SR
384916077154620,LONG BRANCH ABOVE GUINEA RD FLOODPLAIN4E,38.82101667,-77.2627806,,LA-SR
384918077024501,54U  5E,38.82177975,-77.0455325,2070010.0,GW
384918077024502,54U 33E,38.82177975,-77.0455325,2070010.0,GW
384928077160201,LONG BRANCH AT OLLEY LN FLOODPLAIN1A,38.8246,-77.2667,,LA-SR
384928077160202,LONG BRANCH AT OLLEY LN  FLOODPLAIN1B,38.8246,-77.2667,,LA-SR
384928077160203,LONG BRANCHAT OLLEY LN FLOODPLAIN1C,38.8246,-77.2667,,LA-SR
384928077160204,LONG BRANCH AT OLLEY LN FLOODPLAIN1D,38.8246,-77.2667,20700100402.0,LA-SR
384928077160205,LONG BRANCH AT OLLEY LN FLOODPLAIN1E,38.8246,-77.2667,,LA-SR
384928077160206,LONG BRANCH AT OLLEY LN FLOODPLAIN2A,38.8246,-77.2667,,LA-SR
384928077160207,LONG BRANCH AT OLLEY LN FLOODPLAIN2B,38.8246,-77.2667,,LA-SR
384928077160208,LONG BRANCH AT OLLEY LN FLOODPLAIN2C,38.8246,-77.2667,,LA-SR
384928077160209,LONG BRANCH AT OLLEY LN FLOODPLAIN2D,38.8246,-77.2667,,LA-SR
384928077160210,LONG BRANCH AT OLLEY LN FLOODPLAIN2E,38.8246,-77.2667,,LA-SR
384928077160211,LONG BRANCH AT OLLEY LN FLOODPLAIN3A,38.8246,-77.2667,,LA-SR
384928077160212,LONG BRANCH AT OLLEY LN FLOODPLAIN3B,38.8246,-77.2667,,LA-SR
384928077160213,LONG BRANCH AT OLLEY LN FLOODPLAIN3C,38.8246,-77.2667,,LA-SR
384928077160214,LONG BRANCH AT OLLEY LN FLOODPLAIN3D,38.8246,-77.2667,,LA-SR
384928077160215,LONG BRANCH AT OLLEY LN FLOODPLAIN3E,38.8246,-77.2667,,LA-SR
384928077160216,LONG BRANCH AT OLLEY LN FLOODPLAIN4A,38.8246,-77.2667,,LA-SR
384928077160217,LONG BRANCH AT OLLEY LN FLOODPLAIN4B,38.8246,-77.2667,,LA-SR
384928077160218,LONG BRANCH AT OLLEY LN FLOODPLAIN4C,38.8246,-77.2667,,LA-SR
384928077160219,LONG BRANCH AT OLLEY LN FLOODPLAIN4D,38.8246,-77.2667,,LA-SR
384928077160220,LONG BRANCH AT OLLEY LN FLOODPLAIN4E,38.8246,-77.2667,,LA-SR
384933077155801,"MET STN AT LITTLE RUN ELEM SCHOOL AT FAIRFAX, VA",38.8257611,-77.2660583,2070010.0,AT
384933077162201,LONG BRANCH NR PICKETT RD FLOODPLAIN1A,38.8258222,-77.272875,,LA-SR
384933077162202,LONG BRANCH NR PICKETT RD FLOODPLAIN1B,38.8258222,-77.272875,,LA-SR
384933077162203,LONG BRANCH NR PICKETT RDFLOODPLAIN1C,38.8258222,-77.272875,,LA-SR
384933077162204,LONG BRANCH NR PICKETT RD FLOODPLAIN1D,38.8258222,-77.272875,,LA-SR
384933077162205,LONG BRANCH NR PICKETT RDFLOODPLAIN1E,38.8258222,-77.272875,,LA-SR
384933077162206,LONG BRANCH NR PICKETT RD FLOODPLAIN2A,38.8258222,-77.272875,,LA-SR
384933077162207,LONG BRANCH NR PICKETT RD FLOODPLAIN2B,38.8258222,-77.272875,,LA-SR
384933077162208,LONG BRANCH NR PICKETT RD FLOODPLAIN2C,38.8258222,-77.272875,,LA-SR
384933077162209,LONG BRANCH NR PICKETT RDFLOODPLAIN2D,38.8258222,-77.272875,,LA-SR
384933077162210,LONG BRANCH NR PICKETT RD FLOODPLAIN2E,38.8258222,-77.272875,,LA-SR
384933077162211,LONG BRANCH NR PICKETT RD FLOODPLAIN3A,38.8258222,-77.272875,,LA-SR
384933077162212,LONG BRANCH NR PICKETT RD FLOODPLAIN3B,38.8258222,-77.272875,,LA-SR
384933077162213,LONG BRANCH NR PICKETT RD FLOODPLAIN3C,38.8258222,-77.272875,,LA-SR
384933077162214,LONG BRANCH NR PICKETT RD FLOODPLAIN3D,38.8258222,-77.272875,,LA-SR
384933077162215,LONG BRANCH NR PICKETT RD FLOODPLAIN3E,38.8258222,-77.272875,,LA-SR
384933077162216,LONG BRANCH NR PICKETT RD FLOODPLAIN4A,38.8258222,-77.272875,,LA-SR
384933077162217,LONG BRANCH NR PICKETT RD FLOODPLAIN4B,38.8258222,-77.272875,,LA-SR
384933077162218,LONG BRANCH NR PICKETT RD FLOODPLAIN4C,38.8258222,-77.272875,,LA-SR
384933077162219,LONG BRANCH NR PICKETT RD FLOODPLAIN4D,38.8258222,-77.272875,,LA-SR
384933077162220,LONG BRANCH NR PICKETT RD FLOODPLAIN4E,38.8258222,-77.272875,,LA-SR
384945077163901,LONG BRANCH NR OLD CREEK DR FLOODPLAIN1A,38.82924444,-77.2774111,,LA-SR
384945077163902,LONG BRANCH NR OLD CREEK DR FLOODPLAIN1B,38.82924444,-77.2774111,,LA-SR
384945077163903,LONG BRANCH NR OLD CREEK DR FLOODPLAIN1C,38.82924444,-77.2774111,,LA-SR
384945077163904,LONG BRANCH NR OLD CREEK DR FLOODPLAIN1D,38.82924444,-77.2774111,,LA-SR
384945077163905,LONG BRANCH NR OLD CREEK DR FLOODPLAIN1E,38.82924444,-77.2774111,,LA-SR
384945077163906,LONG BRANCH NR OLD CREEK DR FLOODPLAIN2A,38.82924444,-77.2774111,,LA-SR
384945077163907,LONG BRANCH NR OLD CREEK DR FLOODPLAIN2B,38.82924444,-77.2774111,,LA-SR
384945077163908,LONG BRANCH NR OLD CREEK DR FLOODPLAIN2C,38.82924444,-77.2774111,,LA-SR
384945077163909,LONG BRANCH NR OLD CREEK DR FLOODPLAIN2D,38.82924444,-77.2774111,,LA-SR
384945077163910,LONG BRANCH NR OLD CREEK DR FLOODPLAIN2E,38.82924444,-77.2774111,,LA-SR
384945077163911,LONG BRANCH NR OLD CREEK DR FLOODPLAIN3A,38.82924444,-77.2774111,,LA-SR
384945077163912,LONG BRANCH NR OLD CREEK DR FLOODPLAIN3B,38.82924444,-77.2774111,,LA-SR
384945077163913,LONG BRANCH NR OLD CREEK DR FLOODPLAIN3C,38.82924444,-77.2774111,,LA-SR
384945077163914,LONG BRANCH NR OLD CREEK DR FLOODPLAIN3D,38.82924444,-77.2774111,,LA-SR
384945077163915,LONG BRANCH NR OLD CREEK DR FLOODPLAIN3E,38.82924444,-77.2774111,,LA-SR
384945077163916,LONG BRANCH NR OLD CREEK DR FLOODPLAIN4A,38.82924444,-77.2774111,,LA-SR
384945077163917,LONG BRANCH NR OLD CREEK DR FLOODPLAIN4B,38.82924444,-77.2774111,,LA-SR
384945077163918,LONG BRANCH NR OLD CREEK DR FLOODPLAIN4C,38.82924444,-77.2774111,,LA-SR
384945077163919,LONG BRANCH NR OLD CREEK DR FLOODPLAIN4D,38.82924444,-77.2774111,,LA-SR
384945077163920,LONG BRANCH NR OLD CREEK DR FLOODPLAIN4E,38.82924444,-77.2774111,,LA-SR
384946077115801,53U  3E,38.8295571,-77.1991481,2070010.0,GW
384951077094401,53U  4F,38.830946,-77.16192479,2070010.0,GW
384955077025501,54U 16E,38.83205734,-77.04831038,2070010.0,GW
384957077131201,ACCOTINK CREEK NEAR ACCOTINK PKWY X-SECT. A,38.83276944,-77.2200194,,LA-SR
384957077131202,ACCOTINK CREEK NEAR ACCOTINK PKWY X-SECT. B,38.83276944,-77.2200194,,LA-SR
384957077131203,ACCOTINK CREEK NEAR ACCOTINK PKWY X-SECT. C,38.83276944,-77.2200194,,LA-SR
384957077131204,ACCOTINK CREEK NEAR ACCOTINK PKWY X-SECT. D,38.83276944,-77.2200194,,LA-SR
384957077131205,ACCOTINK CREEK NEAR ACCOTINK PKWY X-SECT. E,38.83276944,-77.2200194,,LA-SR
384957077131206,ACCOTINK CREEK NEAR ACCOTINK PKWY X-SECT. F,38.83276944,-77.2200194,,LA-SR
384957077131207,ACCOTINK CREEK NEAR ACCOTINK PKWY X-SECT. G,38.83276944,-77.2200194,,LA-SR
384957077131208,ACCOTINK CREEK NEAR ACCOTINK PKWY X-SECT. H,38.83276944,-77.2200194,,LA-SR
384957077131209,ACCOTINK CREEK NEAR ACCOTINK PKWY X-SECT. I,38.83276944,-77.2200194,,LA-SR
384957077131210,ACCOTINK CREEK NEAR ACCOTINK PKWY X-SECT. J,38.83276944,-77.2200194,,LA-SR
384957077131211,ACCOTINK CREEK NEAR ACCOTINK PKWY X-SECT. K,38.83276944,-77.2200194,,LA-SR
384957077131212,ACCOTINK CREEK NEAR ACCOTINK PKWY X-SECT. L,38.83276944,-77.2200194,,LA-SR
384957077131213,ACCOTINK CREEK NEAR ACCOTINK PKWY X-SECT. M,38.83276944,-77.2200194,,LA-SR
384957077131214,ACCOTINK CREEK NEAR ACCOTINK PKWY X-SECT. N,38.83276944,-77.2200194,,LA-SR
384957077131215,ACCOTINK CREEK NEAR ACCOTINK PKWY X-SECT. O,38.83276944,-77.2200194,,LA-SR
384957077131216,ACCOTINK CREEK NEAR ACCOTINK PKWY X-SECT. P,38.83276944,-77.2200194,,LA-SR
385001076545801,"UNNAMED TRIB TO HENSON CREEK AT SUITLAND, MD",38.8334833,-76.9161222,2070010.0,ST
385002077124901,53U  1,38.83400145,-77.2133151,2070010.0,GW
385003077033901,54U  3B,38.8342795,-77.060533,2070010.0,GW
385016077070701,54U 35A,38.83789044,-77.11831239,2070010.0,GW
385022077123301,53U  2A,38.8395569,-77.21331509,2070010.0,GW
385026077034001,54U  4B,38.84066828,-77.0608107,2070010.0,GW
385039077012600,POTOMAC RIVER AT GEISBORO POINT,38.8442794,-77.0219208,2070010.0,ES
385045076554001,PG Dc   8,38.84594626,-76.92747368,2070010.0,GW
385047077141701,ACCOTINK CREEK AB WOODBURN RD X-SECT. A,38.8464,-77.2381,,LA-SR
385047077141702,ACCOTINK CREEK AB WOODBURN RD X-SECT. B,38.8464,-77.2381,,LA-SR
385047077141703,ACCOTINK CREEK AB WOODBURN RD X-SECT. C,38.8464,-77.2381,,LA-SR
385047077141704,ACCOTINK CREEK AB WOODBURN RD X-SECT. D,38.8464,-77.2381,,LA-SR
385047077141705,ACCOTINK CREEK AB WOODBURN RD X-SECT. E,38.8464,-77.2381,,LA-SR
385047077141706,ACCOTINK CREEK AB WOODBURN RD X-SECT. F,38.8464,-77.2381,,LA-SR
385047077141707,ACCOTINK CREEK AB WOODBURN RD X-SECT. G,38.8464,-77.2381,,LA-SR
385047077141708,ACCOTINK CREEK AB WOODBURN RD X-SECT. H,38.8464,-77.2381,,LA-SR
385047077141709,ACCOTINK CREEK AB WOODBURN RD X-SECT. I,38.8464,-77.2381,,LA-SR
385047077141710,ACCOTINK CREEK AB WOODBURN RD X-SECT. J,38.8464,-77.2381,,LA-SR
385047077141711,ACCOTINK CREEK AB WOODBURN RD X-SECT. K,38.8464,-77.2381,,LA-SR
385047077141712,ACCOTINK CREEK AB WOODBURN RD X-SECT. L,38.8464,-77.2381,,LA-SR
385047077141713,ACCOTINK CREEK AB WOODBURN RD X-SECT. M,38.8464,-77.2381,,LA-SR
385047077141714,ACCOTINK CREEK AB WOODBURN RD X-SECT. N,38.8464,-77.2381,,LA-SR
385047077141715,ACCOTINK CREEK AB WOODBURN RD X-SECT. O,38.8464,-77.2381,,LA-SR
385047077141716,ACCOTINK CREEK AB WOODBURN RD X-SECT. P,38.8464,-77.2381,,LA-SR
385055076552601,PG Dc   9,38.84872399,-76.92358469,2070010.0,GW
385059077145001,53U  45,38.85005556,-77.2463194,2070010.0,GW
385111077144501,ACCOTINK CR BELOW PROSPERITY AVE X-SECT. A,38.85316944,-77.2460194,,LA-SR
385111077144502,ACCOTINK CR BELOW PROSPERITY AVE X-SECT. B,38.85316944,-77.2460194,,LA-SR
385111077144503,ACCOTINK CR BELOW PROSPERITY AVE X-SECT. C,38.85316944,-77.2460194,,LA-SR
385111077144504,ACCOTINK CR BELOW PROSPERITY AVE X-SECT. D,38.85316944,-77.2460194,,LA-SR
385111077144505,ACCOTINK CR BELOW PROSPERITY AVE X-SECT. E,38.85316944,-77.2460194,,LA-SR
385111077144506,ACCOTINK CR BELOW PROSPERITY AVE X-SECT. F,38.85316944,-77.2460194,,LA-SR
385111077144507,ACCOTINK CR BELOW PROSPERITY AVE X-SECT. G,38.85316944,-77.2460194,,LA-SR
385111077144508,ACCOTINK CR BELOW PROSPERITY AVE X-SECT. H,38.85316944,-77.2460194,,LA-SR
385111077144509,ACCOTINK CR BELOW PROSPERITY AVE X-SECT. I,38.85316944,-77.2460194,,LA-SR
385111077144510,ACCOTINK CR BELOW PROSPERITY AVE X-SECT. J,38.85316944,-77.2460194,,LA-SR
385111077144511,ACCOTINK CR BELOW PROSPERITY AVE X-SECT. K,38.85316944,-77.2460194,,LA-SR
385111077144512,ACCOTINK CR BELOW PROSPERITY AVE X-SECT. L,38.85316944,-77.2460194,,LA-SR
385111077144513,ACCOTINK CR BELOW PROSPERITY AVE X-SECT. M,38.85316944,-77.2460194,,LA-SR
385111077144514,ACCOTINK CR BELOW PROSPERITY AVE X-SECT. N,38.85316944,-77.2460194,,LA-SR
385111077144515,ACCOTINK CR BELOW PROSPERITY AVE X-SECT. O,38.85316944,-77.2460194,,LA-SR
385111077144516,ACCOTINK CR BELOW PROSPERITY AVE X-SECT. P,38.85316944,-77.2460194,,LA-SR
385119076560501,PG Dc   1,38.8553905,-76.9344184,2070010.0,GW
385128077001601,54U  2C,38.8578903,-77.0041425,2070010.0,GW
385129077151701,ACCOTINK CREEK AT BARKLEY DR X-SECT. A,38.85831944,-77.25495,,LA-SR
385129077151702,ACCOTINK CREEK AT BARKLEY DR X-SECT. B,38.85831944,-77.25495,,LA-SR
385129077151703,ACCOTINK CREEK AT BARKLEY DR X-SECT. C,38.85831944,-77.25495,,LA-SR
385129077151704,ACCOTINK CREEK AT BARKLEY DR X-SECT. D,38.85831944,-77.25495,,LA-SR
385129077151705,ACCOTINK CREEK AT BARKLEY DR X-SECT. E,38.85831944,-77.25495,,LA-SR
385129077151706,ACCOTINK CREEK AT BARKLEY DR X-SECT. F,38.85831944,-77.25495,,LA-SR
385129077151707,ACCOTINK CREEK AT BARKLEY DR X-SECT. G,38.85831944,-77.25495,,LA-SR
385129077151708,ACCOTINK CREEK AT BARKLEY DR X-SECT. H,38.85831944,-77.25495,,LA-SR
385129077151709,ACCOTINK CREEK AT BARKLEY DR X-SECT. I,38.85831944,-77.25495,,LA-SR
385129077151710,ACCOTINK CREEK AT BARKLEY DR X-SECT. J,38.85831944,-77.25495,,LA-SR
385129077151711,ACCOTINK CREEK AT BARKLEY DR X-SECT. K,38.85831944,-77.25495,,LA-SR
385129077151712,ACCOTINK CREEK AT BARKLEY DR X-SECT. L,38.85831944,-77.25495,,LA-SR
385129077151713,ACCOTINK CREEK AT BARKLEY DR X-SECT. M,38.85831944,-77.25495,,LA-SR
385129077151714,ACCOTINK CREEK AT BARKLEY DR X-SECT. N,38.85831944,-77.25495,,LA-SR
385129077151715,ACCOTINK CREEK AT BARKLEY DR X-SECT. O,38.85831944,-77.25495,,LA-SR
385129077151716,ACCOTINK CREEK AT BARKLEY DR X-SECT. P,38.85831944,-77.25495,,LA-SR
385130077014501,POTOMAC RIVER AT HAINS POINT,38.8601124,-77.03331,2070010.0,ES
385135076584201,AC Aa   8 MD,38.859694,-76.978278,20700100204.0,GW
385138076585901,AC Aa   6,38.86066667,-76.98313889,2070010.0,GW
385138076585902,AC Aa   7,38.86066667,-76.98313889,2070010.0,GW
385138077014000,POTOMAC RIVER BUOY 4   HAINES PT.,38.86066799,-77.0274765,2070010.0,ES
385138077162901,ACCOTINK CREEK ABOVE PICKETT ROAD X-SECT. A,38.8606111,-77.2747806,,LA-SR
385138077162902,ACCOTINK CREEK ABOVE PICKETT ROAD X-SECT. B,38.8606111,-77.2747806,,LA-SR
385138077162903,ACCOTINK CREEK ABOVE PICKETT ROAD X-SECT. C,38.8606111,-77.2747806,,LA-SR
385138077162904,ACCOTINK CREEK ABOVE PICKETT ROAD X-SECT. D,38.8606111,-77.2747806,,LA-SR
385138077162905,ACCOTINK CREEK ABOVE PICKETT ROAD X-SECT. E,38.8606111,-77.2747806,,LA-SR
385138077162906,ACCOTINK CREEK ABOVE PICKETT ROAD X-SECT. F,38.8606111,-77.2747806,,LA-SR
385138077162907,ACCOTINK CREEK ABOVE PICKETT ROAD X-SECT. G,38.8606111,-77.2747806,,LA-SR
385138077162908,ACCOTINK CREEK ABOVE PICKETT ROAD X-SECT. H,38.8606111,-77.2747806,,LA-SR
385138077162909,ACCOTINK CREEK ABOVE PICKETT ROAD X-SECT. I,38.8606111,-77.2747806,,LA-SR
385138077162910,ACCOTINK CREEK ABOVE PICKETT ROAD X-SECT. J,38.8606111,-77.2747806,,LA-SR
385138077162911,ACCOTINK CREEK ABOVE PICKETT ROAD X-SECT. K,38.8606111,-77.2747806,,LA-SR
385138077162912,ACCOTINK CREEK ABOVE PICKETT ROAD X-SECT. L,38.8606111,-77.2747806,,LA-SR
385138077162913,ACCOTINK CREEK ABOVE PICKETT ROAD X-SECT. M,38.8606111,-77.2747806,,LA-SR
385138077162914,ACCOTINK CREEK ABOVE PICKETT ROAD X-SECT. N,38.8606111,-77.2747806,,LA-SR
385138077162915,ACCOTINK CREEK ABOVE PICKETT ROAD X-SECT. O,38.8606111,-77.2747806,,LA-SR
385138077162916,ACCOTINK CREEK ABOVE PICKETT ROAD X-SECT. P,38.8606111,-77.2747806,,LA-SR
385141077015000,POTOMAC RIVER AT DANGERFIELD ISLAND,38.8615013,-77.0302544,2070010.0,ES
385155077170801,ACCOTINK CREEK NEAR RANGER ROAD X-SECT. A,38.8655,-77.28577778,,LA-SR
385155077170802,ACCOTINK CREEK NEAR RANGER ROAD X-SECT. B,38.8655,-77.28577778,,LA-SR
385155077170803,ACCOTINK CREEK NEAR RANGER ROAD X-SECT. C,38.8655,-77.28577778,,LA-SR
385155077170804,ACCOTINK CREEK NEAR RANGER ROAD X-SECT. D,38.8655,-77.28577778,,LA-SR
385155077170805,ACCOTINK CREEK NEAR RANGER ROAD X-SECT. E,38.8655,-77.28577778,,LA-SR
385155077170806,ACCOTINK CREEK NEAR RANGER ROAD X-SECT. F,38.8655,-77.28577778,,LA-SR
385155077170807,ACCOTINK CREEK NEAR RANGER ROAD X-SECT. G,38.8655,-77.28577778,,LA-SR
385155077170808,ACCOTINK CREEK NEAR RANGER ROAD X-SECT. H,38.8655,-77.28577778,,LA-SR
385155077170809,ACCOTINK CREEK NEAR RANGER ROAD X-SECT. I,38.8655,-77.28577778,,LA-SR
385155077170810,ACCOTINK CREEK NEAR RANGER ROAD X-SECT. J,38.8655,-77.28577778,,LA-SR
385155077170811,ACCOTINK CREEK NEAR RANGER ROAD X-SECT. K,38.8655,-77.28577778,,LA-SR
385155077170812,ACCOTINK CREEK NEAR RANGER ROAD X-SECT. L,38.8655,-77.28577778,,LA-SR
385155077170813,ACCOTINK CREEK NEAR RANGER ROAD X-SECT. M,38.8655,-77.28577778,,LA-SR
385155077170814,ACCOTINK CREEK NEAR RANGER ROAD X-SECT. N,38.8655,-77.28577778,,LA-SR
385155077170815,ACCOTINK CREEK NEAR RANGER ROAD X-SECT. O,38.8655,-77.28577778,,LA-SR
385155077170816,ACCOTINK CREEK NEAR RANGER ROAD X-SECT. P,38.8655,-77.28577778,,LA-SR
385157076580301,AC Aa   2,38.86594444,-76.9675833,2070010.0,GW
385202077044401,54U 36B,38.86733445,-77.078589,2070010.0,GW
385205077015500,POTOMAC RIVER BUOY 6   HAINES PT.,38.86816785,-77.0316433,2070010.0,ES
385207076570701,AC Ab   3,38.86863889,-76.9521111,2070010.0,GW-TH
385216077011000,"POTOMAC RIVER, WASHINGTON CH AT FT MC NAIR",38.87122337,-77.019143,2070010.0,ES
385218077001801,"Anacostia River at Diamond Teague Park, DC",38.87158889,-77.0048806,2070010.0,ST-TS
385219077002201,AX Ac   1,38.87194444,-77.0061111,2070010.0,GW
385223077022400,POTOMAC RIVER AT 14TH STREET BR WASH DC,38.87316775,-77.0396991,2070010.0,ES
385224076590301,"Anacostia River at Fairlawn, DC",38.8734111,-76.98418889,2070010.0,ST-TS
385225076590101,AC Aa   1,38.8736111,-76.9836111,2070010.0,GW
385238076581501,WE Ca  29,38.8773333,-76.9709167,2070010.0,GW
385241076580901,WE Ca 39,38.87828056,-76.9694194,2070010.0,GW
385243076580901,WE Ca 40,38.87854167,-76.9691861,2070010.0,GW
385245076583501,WE Ca  34,38.8793333,-76.9764167,2070010.0,GW
385249077095701,53V  4J,38.8803896,-77.16553568,2070010.0,GW
385252076572801,WE Cb   8,38.88119444,-76.95777778,2070010.0,GW
385253077042301,54V  3,38.88150088,-77.0727555,2070010.0,GW
385257077001101,WW Cc 38,38.8824722,-77.0031306,2070008.0,GW
385305077162101,52V 24,38.88476667,-77.2724667,2070008.0,GW
385309077102101,"MET STN AT CITY HALL AT FALLS CHURCH, VA",38.8857222,-77.1725306,2070010.0,AT
385315077031800,POTOMAC RIVER AT MEMORIAL BRIDGE,38.8884452,-77.0524772,2070010.0,ES
385327076544801,WE Cc   3,38.8908333,-76.9134722,2070010.0,GW
385332076564101,WE Cb  11,38.89225,-76.94477778,2070010.0,GW
385332076564102,WE Cb  12,38.89225,-76.94477778,2070010.0,GW
385332076594701,WE Ca  32,38.89216667,-76.9964167,2070010.0,GW
385334077112801,"MET STN AT MAINTENANCE YARD AT FALLS CHURCH, VA",38.89272778,-77.191125,2070010.0,AT
385346077051901,54V  1G,38.8962228,-77.0883114,2070010.0,GW
385346077073701,53V  1,38.89622276,-77.1266457,2070010.0,GW
385348076574501,"Anacostia River at Benning, DC",38.89663056,-76.9624806,2070010.0,ST-TS
385349076592801,WE Ca  33,38.89716667,-76.9911944,2070010.0,GW
385350077055201,54V  2G,38.8973339,-77.0974783,2070010.0,GW
385353076573301,DC90S001,38.89816745,-76.9588637,2070010.0,ST
385354076555901,WE Cb  10,38.8983333,-76.9330556,2070010.0,GW
385355076555501,WE Cb   9,38.898611,-76.931944,20700100204.0,GW
385355076575901,WE Ca  31,38.89872222,-76.9665,20700100204.0,GW
385357077144801,53V  14,38.89960556,-77.2476694,2070010.0,GW
385406076573401,WE Ca 30,38.9016111,-76.9595,2070010.0,GW-TH
385414077041701,Potomac River Bed Sediment WP030,38.90388889,-77.07138889,2070010.0,FA-DV
385416076581601,WE Ca  38,38.90446389,-76.9709833,2070010.0,GW-TH
385417077044001,Potomac River Bed Sedeiment WP026,38.9047222,-77.07777778,2070010.0,FA-DV
385422077052001,Potomac River Bed Sediment WP022,38.9061111,-77.08888889,2070010.0,ST
385424077051901,Potomac River Bed Sediemnt WP019,38.90666667,-77.0886111,2070010.0,ST
385424077053301,Potomac River Bed Sediment WP004,38.90666667,-77.0925,2070010.0,ST
385425077165601,53 V  14R,38.90694444,-77.2822222,2070008.0,GW
385426077053401,Potomac R Bed Sediment WP003,38.9072222,-77.09277778,2070010.0,ST
385428077053401,Potomac R Bed Sediment WP002,38.90777778,-77.09277778,2070010.0,ST
385429076583601,WE Ca  35,38.9081111,-76.9766667,2070010.0,GW
385432077054301,Potomac R Bed Sediment WP005,38.90888889,-77.09527778,2070010.0,ST
385434076573301,WE Ca 41,38.9093611,-76.95925,2070010.0,GW
385434077054801,Potomac R Bed Sediment WP007,38.90944444,-77.0966667,2070010.0,ST
385435077055001,Potomac R Bed Sediment WP008,38.9097222,-77.0972222,2070010.0,ST
385436076573601,WE Ca  42,38.90986944,-76.9599472,2070010.0,GW
385436077054701,Potomac R Bed Sediment WP006,38.91,-77.09638889,2070010.0,ST
385439077055201,Potomac R Bed Sediment WP009,38.9108333,-77.09777778,2070010.0,ST
385440077055501,Potomac River Sed near Georgetown Res.,38.9111111,-77.0986111,2070010.0,ST
385441077055601,Potomac R Bed Sediment WP010,38.91138889,-77.09888889,2070010.0,ST
385443076562801,WE Cb   5,38.9120833,-76.9412222,2070010.0,GW
385443076562802,WE Cb   6,38.9120833,-76.9412222,2070010.0,GW
385443077013501,WW Cc  37,38.9120583,-77.0262944,2070010.0,GW-TH
385443077060101,Potomac River Bed Sediment - DC01,38.9119722,-77.1003333,2070010.0,ST
385446076581001,WE Ca  37,38.9128611,-76.9693611,2070010.0,GW
385446077060301,Potomac R Bed Sediment WP011,38.91277778,-77.1008333,2070010.0,ST
385448077054402,"Georgetown Reservoirs, Basin 2",38.91344444,-77.0956667,2070010.0,FA-WU
385455077054101,"Georgetown Reservoirs, Basin 1",38.91527778,-77.09475,2070010.0,FA-WU
385457077060701,Potomac R Bed Sediment WP012,38.9158333,-77.1019444,2070010.0,ST
385460076574801,WE Ca  36,38.91663889,-76.9631944,2070010.0,GW
385500076563401,WE Cb 7,38.91652778,-76.94277778,2070010.0,GW-TH
385504076563801,WE Bb   3,38.91766667,-76.9438056,2070010.0,GW
385504076563802,WE Bb   4,38.91766667,-76.9438056,2070010.0,GW
385511077062501,Potomac R Bed Sediment WP014,38.9197222,-77.1069444,2070010.0,ST
385513077062001,Potomac R Bed Sediment WP013,38.92027778,-77.1055556,2070010.0,ST
385516077062401,Potomac R Bed Sediment WP015,38.9211111,-77.1066667,2070010.0,ST
385519077012601,WW Bc   8,38.92202778,-77.02413889,2070010.0,GW
385519077063201,Potomac R Bed Sediment WP016,38.92194444,-77.10888889,2070010.0,ST
385527077000701,WW Bc   9,38.92438889,-77.00213889,2070010.0,GW
385527077063701,Potomac R Bed Sediment WP017,38.92416667,-77.11027778,2070010.0,ST
385534076582101,WE Ba  10,38.9262222,-76.9726111,2070010.0,GW
385535076561101,PG Cc 33,38.9261111,-76.93638889,2070010.0,GW
385542076560701,PG Cc   3,38.9284447,-76.93497419,2070010.0,GW
385542077142501,53V  2D,38.92844426,-77.23998149,2070008.0,GW
385542077142502,53V  3D,38.92844426,-77.23998149,2070008.0,GW
385604077053801,WW Ba  46,38.934444,-77.093889,20700081005.0,GW
385605077053501,WW Ba  42,38.93491667,-77.09252778,2070008.0,GW
385605077053502,WW Ba  43,38.93491667,-77.09252778,2070008.0,GW
385605077053503,WW Ba  44,38.93491667,-77.09252778,2070008.0,GW
385605077053901,SV-MP-02 35 to 44 ft,38.93469444,-77.0940556,2070008.0,GW-MW
385605077053902,SV-MP-02 49 to 54 ft,38.93469444,-77.0940556,2070008.0,GW-MW
385605077053903,SV-MP-02 56 to 71 ft,38.93469444,-77.0940556,2070008.0,GW-MW
385605077053904,SV-MP-02 73 to 77 ft,38.93469444,-77.0940556,2070008.0,GW-MW
385605077053905,SV-MP-02 96 to 102 ft,38.93469444,-77.0940556,2070008.0,GW-MW
385605077053906,SV-MP-02 105 to 114 ft,38.93469444,-77.0940556,2070008.0,GW-MW
385605077053907,SV-MP-02 123 to 129 ft,38.93469444,-77.0940556,2070008.0,GW-MW
385605077053908,SV-MP-02 145 to 160 ft,38.93469444,-77.0940556,2070008.0,GW-MW
385606076584101,WE Ba   9,38.935139,-76.978167,20700100204.0,GW
385606077053301,WW Ba  40,38.93488889,-77.0926667,2070008.0,GW
385606077053302,WW Ba  41,38.93488889,-77.0926667,2070008.0,GW
385606077053901,WW Ba  45,38.93491667,-77.09413889,2070008.0,GW
385609077055301,WW Ba 39,38.9358333,-77.0980556,2070010.0,GW
385610077064501,"Dalecarlia Reservoirs, Basin 1",38.93619444,-77.1125,2070010.0,FA-WU
385610077064602,"Dalecarlia Reservoirs, Basin 2",38.9360833,-77.1129167,2070010.0,FA-WU
385612077064903,"Dalecarlia Reservoirs, Basin 3",38.93680556,-77.1136111,2070010.0,FA-WU
385612077065104,"Dalecarlia Reservoirs, Basin 4, near Washington DC",38.93663889,-77.1141667,2070010.0,LK
385615077063501,WW Ba 31,38.93745278,-77.10992778,2070010.0,GW
385619077020701,WW Bc  10,38.938694,-77.035361,20700100102.0,GW
385619077063601,Spring 1 at Dalecarlia Reservoir,38.9386111,-77.11,2070010.0,SP
385620077062201,SW-7,38.93888889,-77.1061111,2070008.0,ST
385626077062701,WW Ba 23,38.9408333,-77.1074167,2070010.0,GW-CR
385627077064101,WW Ba 32,38.94080556,-77.11127778,2070010.0,GW
385629077062701,WW Ba 21,38.94127778,-77.10752778,2070010.0,GW
385629077063001,WW Ba 20,38.94130556,-77.1084167,2070010.0,GW-CR
385629077065601,MO Ff 37,38.94138889,-77.1155556,2070010.0,GW
385630077061901,WW Ba 22,38.94163889,-77.1053056,2070010.0,GW
385630077062501,WW Ba 24,38.93980556,-77.107,2070010.0,GW-CR
385631077062901,WW Ba 18,38.94191667,-77.1080556,2070010.0,GW
385631077065801,MO Ff 36,38.94194444,-77.1161111,2070010.0,GW
385632077062501,WW Ba 19,38.94225,-77.1069167,2070010.0,GW-CR
385633077063201,WW Ba 27,38.94271944,-77.10901389,2070010.0,GW-CR
385633077063301,WW Ba 26,38.9426111,-77.1090556,2070010.0,GW-CR
385634076573001,PG Cc  30,38.94288885,-76.9580305,2070010.0,GW
385634077062001,WW Ba 17,38.9428611,-77.10552778,2070010.0,GW
385634077062701,WW Ba 16,38.94269444,-77.1074722,2070010.0,GW
385634077063101,WW Ba 15,38.94275,-77.1086667,2070010.0,GW
385634077063201,Res-1,38.94277778,-77.10888889,2070008.0,ST
385634077063202,WW Ba 25,38.94271944,-77.10901389,2070010.0,GW-CR
385635077063101,WW Ba 11,38.943,-77.1087222,2070010.0,GW-CR
385635077063102,WW Ba 12,38.94296667,-77.10872778,2070010.0,GW-CR
385635077063103,WW Ba 13,38.94305,-77.1087417,2070010.0,GW-CR
385637077062201,WW Ba 14,38.94352778,-77.1061111,2070010.0,GW
385637077062801,MO Ff 33,38.9447222,-77.1077222,2070010.0,GW
385637077063001,MO Ff 34,38.94375,-77.1084167,2070010.0,GW
385640077065601,MO Ff 35,38.94444444,-77.1155556,2070010.0,GW
385641077064301,MO Ff 38,38.94480556,-77.11213889,2070010.0,GW
385643077062601,MO Ff 32,38.94527778,-77.1071111,2070010.0,GW-CR
385643077063101,MO Ff 39,38.9453611,-77.1087222,2070010.0,GW
385644077061101,WW Ba  28,38.94555556,-77.1030556,2070010.0,GW
385646077065101,Dalecarlia Dredge Spoil Pond,38.9461111,-77.1141667,2070010.0,FA-WU
385647076561101,PG Cc   5,38.9464999,-76.9360854,2070010.0,GW
385649076584201,WE Ba  11,38.94688889,-76.9784444,2070010.0,GW
385655077112201,"MET STATION AT CHURCHILL ROAD PARK AT MCLEAN, VA",38.9485472,-77.1895222,2070008.0,AT
385707077021801,WW Bc  11,38.951833,-77.038306,20700100102.0,GW
385707077110313,"DEAD RUN PUMPING STATION NR MC LEAN, VA",38.95205505,-77.1838689,2070008.0,AT
385713077061601,MO Ff  14,38.9537218,-77.104145,2070008.0,GW
385716077031201,"WEST SPRING, DC",38.95444444,-77.05277778,20700100102.0,ST
385718077030101,"MAINTENANCE YARD STREAM, WASHINGTON, DC",38.95583333,-77.05305556,20700100102.0,ST
385723076593401,PG Cc 31,38.95305556,-76.98527778,2070010.0,GW
385724077090901,MO Ff   5,38.9567772,-77.1522016,2070008.0,GW
385725077023801,"PICNIC 21, DC",38.95694444,-77.04388889,20700100102.0,ST
385730077023001,"MAINTENANCE POND, WASHINGTON, DC",38.95836529,-77.04134267,20700100102.0,LK
385733076540401,PG2014G001,38.95916667,-76.9011111,2070010.0,GW
385740077051301,MO Ff  13,38.96122169,-77.0866447,2070010.0,GW
385741077052601,MO Ff   4,38.96149946,-77.0902558,2070010.0,GW
385755077023001,"FAIRWAY18, DC",38.96527778,-77.04166667,20700100102.0,ST
385759077024301,"GOLF COURSE I, DC",38.96666667,-77.04638889,20700100102.0,ST
385813077030801,BINGHAM/OREGON,38.97027778,-77.0525,20700100102.0,ST
385817077021301,"WHITTIER, DC",38.97166667,-77.03694444,20700100102.0,ST
385819077045801,MO Ff  24,38.9718611,-77.08288889,2070008.0,GW
385824077001901,MO Fg  10,38.9734438,-77.0049764,2070010.0,SP
385825077001701,PG Cb   1,38.97372157,-77.0044208,2070010.0,SP
385825077112201,MO Fe   7,38.97372135,-77.1891466,2070008.0,GW
385826077110401,MO Fe   9,38.9739991,-77.1841465,2070008.0,GW
385828077065301,MO Ff  23,38.9745,-77.1149444,2070008.0,GW
385828077111701,MO Fe  12,38.97455467,-77.1877577,2070008.0,GW
385829077111801,MO Fe   6,38.97483244,-77.1880355,2070008.0,GW
385832077104301,MO Fe  10,38.97566577,-77.17831308,2070008.0,GW
385833077111501,MO Fe   8,38.9759435,-77.1872021,2070008.0,GW
385834077040101,MO Fg   5,38.97622145,-77.0666442,2070010.0,GW
385836077031501,"BEECH/OREGON, DC",38.97666667,-77.05305556,20700100102.0,ST
385839077055701,MO2010G001,38.9775,-77.0991667,2070008.0,GW
385841077023501,"RILEY SPRINGS, DC",38.97833333,-77.0425,20700100102.0,LK
385842077055301,MO2012G004,38.9783333,-77.0980556,2070008.0,GW
385846077021601,"16TH STREET, DC",38.97944444,-77.03694444,20700100102.0,ST
385851077055501,MO Ff  17,38.98094356,-77.0983115,2070008.0,GW
385856077082301,MO Ff   7,38.98233237,-77.1394234,2070008.0,GW
385856077082501,MO Ff   6,38.98233237,-77.139979,2070008.0,GW
385857077045001,MO Fg   2,38.9826102,-77.0802556,2070010.0,GW
385857077045002,MO Fg   3,38.9826102,-77.0802556,2070010.0,GW
385857077045003,MO Fg   4,38.9826102,-77.0802556,2070010.0,GW
385859077060601,MO Ff  15,38.9831657,-77.1013671,2070008.0,GW
385901077030101,"DEERPRINT RUN, DC",38.98166667,-77.05083333,20700100102.0,ST
385903077024101,"WEST BEECH, DC",38.98416667,-77.04472222,20700100102.0,LK
385906077025801,"WEIR POND A, DC",38.985,-77.04916667,20700100102.0,LK
385907077024901,"PARKSIDE, DC",38.98527778,-77.04694444,20700100102.0,LK
385908077051201,MO Ff  25,38.98555556,-77.0866667,2070010.0,GW
385911077014401,MO Fg   1,38.9864991,-77.02858798,2070010.0,GW
385913077134301,"COST31, MD",38.98694444,-77.22861111,2070010.0,ST
385918077043601,MO Fg   6,38.98844345,-77.0763666,2070010.0,GW
385920076571701,PG Bc  37,38.9881658,-76.95525279,2070010.0,GW
385920077132901,MO Fe   4,38.9889988,-77.2244249,2070008.0,GW
385920077134501,"COST39, MD",38.98888889,-77.22916667,2070010.0,ST
385925077054301,MO Ff  26,38.9902222,-77.0953333,2070010.0,GW
385929077020901,WW Ac   8,38.9914722,-77.0357222,2070010.0,GW
385929077131501,"COST28, MD",38.99138889,-77.22083333,2070010.0,ST
385929077142101,"COST22, MD",38.99138889,-77.23916667,2070010.0,ST
385933077045101,MO Fg   9,38.99261004,-77.08053339,2070010.0,GW
385936077104301,MO Fe  11,38.99344325,-77.1783129,2070008.0,GW
385936077135501,"COST27, MD",38.99333333,-77.23194444,2070010.0,ST
385937077054701,MO Ff  21,38.9936111,-77.0964167,2070010.0,GW
385939077142801,"COST21, MD",38.99416667,-77.24111111,2070010.0,ST
385941077132701,MO Fe   3,38.99483206,-77.2238693,2070008.0,GW
385943077132901,MO Fe   2,38.9953876,-77.22442488,2070008.0,GW
385944077090301,MO Ff   3,38.99566546,-77.1505347,2070008.0,GW
385944077110401,MO Fe   5,38.9956654,-77.1841464,2070008.0,GW
385945077060901,MO Ff   8,38.99594329,-77.1022004,2070010.0,GW
385946077095901,MO Ff  18,38.99622099,-77.16609048,2070008.0,SP
385950077053901,MO Ff  11,38.99733217,-77.093867,2070010.0,GW
385950077054601,MO Ff  10,38.99733216,-77.0958114,2070010.0,GW
385950077091301,MO Ff   1,38.9973321,-77.1533125,2070008.0,GW
385951077045601,MO Fg   8,38.99760995,-77.0819223,2070010.0,GW
385951077054701,MO Ff  22,38.99755556,-77.0965,2070010.0,GW
385951077054702,MO Ff  27,38.9975833,-77.0963333,2070010.0,GW
385952077050801,MO Ff  19,38.99775,-77.0848333,2070010.0,GW
385952077090401,MO Ff  16,38.99788765,-77.1508124,2070008.0,GW
385952077091701,MO Ff   2,38.99788764,-77.1544236,2070008.0,GW
385953077054201,MO Ff  20,38.99816548,-77.0947003,2070010.0,GW
385955077054501,MO Ff  28,38.99852778,-77.0959444,2070010.0,GW
385955077054502,MO Ff  29,38.99852778,-77.0959444,2070010.0,GW
385955077054503,MO Ff  30,38.99866667,-77.0959167,2070010.0,GW
385955077054504,MO Ff  31,38.9984722,-77.0958333,2070010.0,GW
385956077013001,MO Fg   7,38.99899888,-77.024699,2070010.0,GW
385956077053701,MO Ff  12,38.9989988,-77.09331139,2070010.0,GW
385957077061901,MO Ff   9,38.99927656,-77.1049783,2070010.0,GW
385958077134001,MO Fe   1,38.9995542,-77.2274804,2070008.0,GW
390001077080901,MO Ef  24,39.0003876,-77.1355344,2070008.0,GW
390002077145401,MO Ee  41,39.00066527,-77.2480364,2070008.0,GW
390002077145402,MO Ee  42,39.00066527,-77.2480364,2070008.0,GW
390007077042601,MO Eg  29,39.00188889,-77.0738333,2070010.0,GW
390008077052701,MO Eg  28,39.0023333,-77.0908611,2070010.0,GW
390008077054801,MO Eg  27,39.0024722,-77.0969722,2070010.0,GW
390009076573301,PG Bc  44,39.0026111,-76.9591944,2070010.0,GW-TH
390009077083801,MO Ef  25,39.0026098,-77.14359008,2070008.0,GW
390017077113901,MO Ee   8,39.0048319,-77.19386878,2070008.0,GW
390020077084901,MO Ef  51,39.0056653,-77.1466457,2070008.0,GW
390020077113901,MO Ee   9,39.00566524,-77.19386879,2070008.0,GW
390027077130201,MO Ee  27,39.0076096,-77.21692478,2070008.0,GW
390031077133101,MO Ee  31,39.0087207,-77.2249805,2070008.0,GW
390032077142201,"COST8, MD",39.00888889,-77.23944444,2070010.0,ST
390034077102201,MO Ee  28,39.00955409,-77.1724796,2070008.0,GW
390036077031301,MO Eg   9,39.01010976,-77.0533107,2070010.0,GW
390036077031701,MO Eg   8,39.01010976,-77.0544219,2070010.0,GW
390042077093601,MO Ef  12,39.01177629,-77.1597016,2070008.0,GW
390046077093401,MO Ef  54,39.01288738,-77.159146,2070008.0,GW
390050077121401,MO Ee  18,39.0139984,-77.20359128,2070008.0,GW
390051077131301,MO Ee  17,39.01427618,-77.2199805,2070008.0,GW
390051077162701,VA6059300 RIVERSIDE MANOR- FAI WELL 3,39.01416667,-77.2741667,2070008.0,GW
390106077110802,MO Ee  30,39.0184428,-77.1852577,2070008.0,GW
390107077110901,MO Ee  29,39.01872058,-77.1855355,2070008.0,GW
390108077123001,MO Ee   6,39.0189983,-77.2080359,2070008.0,GW
390120076580201,PG Bc   1,39.02233186,-76.96691998,2070010.0,GW
390121077093301,MO Ef  13,39.0226094,-77.1588683,2070008.0,GW
390124077044501,MO Eg  14,39.0234428,-77.0788669,2070010.0,GW
390128077112501,MO Ee  19,39.0245538,-77.18998,2070008.0,GW
390128077112502,MO Ee  20,39.0245538,-77.18998,2070008.0,GW
390139077044201,MO Eg  12,39.0276094,-77.0780335,2070010.0,GW
390140077044101,MO Eg  13,39.0278872,-77.0777558,2070010.0,GW
390147076594501,MO Eh  11,39.0298317,-76.995532,2070010.0,GW
390148077124201,MO Ee   7,39.03010925,-77.21136939,2070008.0,GW
390151076561501,PG Bc 16,39.031075,-76.937206,20700100202.0,GW
390153077061801,MO Ef  44,39.0314982,-77.1047007,2070010.0,GW
390156077044601,MO Eg  11,39.03233157,-77.0791447,2070010.0,GW
390156077073601,MO Ef  52,39.0323315,-77.1263678,2070008.0,GW
390200076595001,MO Eh  12,39.03344274,-76.9969209,2070010.0,GW
390201077144001,MO Ee   5,39.03372026,-77.2441478,2070008.0,GW
390203076594901,MO Eh  13,39.03427606,-76.9966431,2070010.0,GW
390204077090301,MO Ef  14,39.03455368,-77.150535,2070008.0,GW
390209076585501,MO Eh  17,39.0359427,-76.9816427,2070010.0,GW
390210077061901,MO2005G010,39.0361111,-77.10527778,2070010.0,GW
390210077061902,MO2005S009,39.0361111,-77.10527778,2070010.0,GW
390211077075201,MO Ef  23,39.0364981,-77.13081238,2070008.0,GW
390212077113401,MO Ee  10,39.0367758,-77.1924802,2070008.0,GW
390224077032301,MO Eg  10,39.0401092,-77.0560888,2070010.0,GW
390228076565101,PG Bc  10,39.04122045,-76.9471973,2070010.0,GW
390228077093901,MO Ef  17,39.0412202,-77.1605352,2070008.0,GW
390231077155401,MO Ed  11,39.04205339,-77.2647041,2070008.0,SP
390234077072801,MO Ef  15,39.04288689,-77.1241456,2070008.0,GW
390236077072801,MO Ef  56,39.04310278,-77.1240806,2070010.0,GW
390237077093301,MO Ef  18,39.04372017,-77.1588685,2070008.0,GW
390242077073101,MO Ef  16,39.04510907,-77.124979,2070008.0,GW
390246077163801,MO Ed   8,39.04621994,-77.2769268,2070008.0,SP
390249077061901,MO2005G005,39.04694444,-77.10527778,2070010.0,GW
390252077064401,MO Ef  22,39.0478868,-77.1119232,2070010.0,GW
390254077092901,MO Ef 61,39.0483333,-77.1580556,2070008.0,GW
390254077111901,MO Ee  21,39.04844228,-77.1883136,2070008.0,GW
390254077124701,MO Ee  16,39.04844226,-77.2127585,2070008.0,GW
390255077075101,MO Ef  53,39.0487201,-77.1305347,2070008.0,GW
390255077163701,MO Ed   9,39.04871989,-77.27664908,2070008.0,SP
390259077111501,MO Ee  11,39.04983115,-77.18720249,2070008.0,GW
390259077140401,MO Ee   4,39.0498311,-77.2341478,2070008.0,GW
390303077164701,MO Ed  10,39.05094207,-77.279427,2070008.0,SP
390312077065601,MO Ef  45,39.05344227,-77.1152567,2070010.0,GW
390320077013901,MO Eg  22,39.05566454,-77.0271994,2070010.0,GW
390323077063701,MO Ef  33,39.05649778,-77.1099788,2070010.0,GW
390326077004801,MO Eg  15,39.05733119,-77.0130325,2070010.0,GW
390333077072101,MO Ef  21,39.05927549,-77.1222013,2060006.0,GW
390337077094601,MO Ef  50,39.06038655,-77.16247989,2070008.0,SP
390339076554501,PG Bc 42,39.0608333,-76.9291667,2070010.0,GW
390339076554502,PG Bc 43,39.0608333,-76.9291667,2070010.0,GW
390341077104401,MO Ee  22,39.0614976,-77.1785913,2070008.0,GW
390344076555901,PG Bc   4,39.0623312,-76.93275258,2070010.0,GW
390344077031401,MO Eg   7,39.06233106,-77.0535889,2070010.0,GW
390344077063901,MO Ef  20,39.062331,-77.1105344,2070010.0,GW
390344077065301,MO Ef  32,39.062331,-77.1144234,2070010.0,GW
390345077031401,MO Eg   5,39.0626088,-77.0535889,2070010.0,GW
390345077031402,MO Eg   6,39.0626088,-77.0535889,2070010.0,GW
390346077063401,MO Ef  19,39.06288656,-77.1091455,2070010.0,GW
390349076553301,PG Bc  41,39.0636111,-76.9258333,2070010.0,GW
390349076554501,PG Bc 40,39.0636111,-76.9291667,2070010.0,GW
390350077081401,MO Ef  42,39.0639976,-77.1369239,2060006.0,GW
390350077082501,MO Ef  41,39.0639976,-77.13997948,2070008.0,GW
390356077080401,MO Ef  43,39.06566426,-77.134146,2070008.0,GW
390357077121701,MO Ee   2,39.06594197,-77.2044252,2070008.0,GW
390358076595201,MO Eh  15,39.06621994,-76.9974766,2070010.0,GW
390358076595401,MO Eh  14,39.0662199,-76.99803219,2070010.0,GW
390359076554501,PG Bc  39,39.06638889,-76.9291667,2070010.0,GW
390400076570201,MO Eh   9,39.06677556,-76.9502531,2070010.0,GW
390400077013301,MO Eg   1,39.06677546,-77.0255328,2070010.0,GW
390401077103501,MO Ee  13,39.06705308,-77.1760913,2070008.0,GW
390403076570401,MO Eh  10,39.06760888,-76.9508087,2070010.0,GW
390404076570801,MO Eh   8,39.06788665,-76.9519198,2070010.0,GW
390404077103901,MO Ee  12,39.0678864,-77.17720248,2070008.0,GW
390408077154801,MO Ed   1,39.06899736,-77.2630377,2070008.0,GW
390414077133001,MO Ee  15,39.07066409,-77.2247035,2070008.0,GW
390420077152001,MO Ed   2,39.07233067,-77.2552597,2070008.0,GW
390421076561901,MO Eh   2,39.0726088,-76.9383084,2070010.0,GW
390421076561902,MO Eh   3,39.0726088,-76.9383084,2070010.0,GW
390421077065401,MO Ef  55,39.0726086,-77.1147013,2070010.0,GW
390423077002801,MO Eg  21,39.07316425,-77.0074769,2070010.0,GW
390425077115501,MO Ee   3,39.0737196,-77.19831409,2070008.0,GW
390427077071401,MO Ef  30,39.0742752,-77.1202569,2070010.0,GW
390427077072001,MO Ef  29,39.0742752,-77.1219237,2070010.0,GW
390427077072002,MO Ef  31,39.0742752,-77.1219237,2070010.0,GW
390427077090801,MO Ef   2,39.0742752,-77.1519243,2070008.0,GW
390430076594301,MO Eh  16,39.07510867,-76.99497659,2070010.0,GW
390430077084003,MO Ef  48,39.0751085,-77.1441463,2070008.0,GW
390430077084004,MO Ef  49,39.0751085,-77.1441463,2070008.0,GW
390431076572901,MO Eh   1,39.0753865,-76.9577534,2070010.0,GW
390431077001001,MO Eg   3,39.0753864,-77.00247678,2070010.0,GW
390431077015201,MO Eg  20,39.0753864,-77.03081069,2070010.0,GW
390431077073501,MO Ef  37,39.0753863,-77.1260904,2070010.0,GW
390433077075101,MO Ef  38,39.07594186,-77.130535,2070010.0,GW
390434076573001,MO Eh  19,39.07594206,-76.9580311,2070010.0,GW
390434076573002,MO Eh 20,39.076553,-76.958306,20700100202.0,GW
390434077072601,MO Ef  28,39.07621964,-77.1235904,2070010.0,GW
390435077020301,MO Eg  23,39.0764975,-77.0338663,2070010.0,GW
390435077020302,MO Eg  24,39.0764975,-77.0338663,2070010.0,GW
390435077020303,MO Eg  25,39.0764975,-77.0338663,2070010.0,GW
390435077020304,MO Eg  26,39.0764975,-77.0338663,2070010.0,GW
390435077085301,MO Ef  34,39.07649739,-77.1477575,2070008.0,GW
390435077085302,MO Ef  35,39.07649739,-77.1477575,2070008.0,GW
390438077050301,MO2013G001,39.0772222,-77.0841667,2070010.0,GW
390439077020701,MO Eg  16,39.07760859,-77.0349775,2070010.0,GW
390439077081401,MO Ef   7,39.07760849,-77.13692399,2070010.0,GW
390439077081402,MO Ef   8,39.07760849,-77.13692399,2070010.0,GW
390439077082301,MO Ef  40,39.07760849,-77.139424,2060006.0,GW
390439077084001,MO Ef  46,39.07760849,-77.1441464,2070008.0,GW
390439077084002,MO Ef  47,39.07760849,-77.1441464,2070008.0,GW
390440076594601,MO Eh   4,39.0778864,-76.99581,2070010.0,GW
390441077020101,MO Eg  17,39.0781641,-77.0333108,2070010.0,GW
390441077085101,MO Ef   3,39.078164,-77.14720198,2070008.0,GW
390441077133101,MO Ee  40,39.07816396,-77.2249814,2070008.0,GW
390444076591301,MO Eh  18,39.0789975,-76.986643,2070010.0,GW
390444077020101,MO Eg  18,39.07899746,-77.0333108,2070010.0,GW
390444077025701,MO Eg  19,39.07899744,-77.0488666,2070010.0,GW
390444077084901,MO Ef  36,39.07899735,-77.1466464,2070008.0,GW
390444077095601,MO Ef   1,39.0789973,-77.1652579,2070008.0,GW
390444077131801,MO Ee  37,39.07899728,-77.2213702,2070008.0,GW
390444077134001,MO Ee  39,39.07899727,-77.2274814,2070008.0,GW
390445076552301,"FAIRLAND, MD",39.07916667,-76.92305556,2060006.0,LK
390445077101501,MO Ee  24,39.0792751,-77.1705358,2070008.0,GW
390446076594301,MO Eh   5,39.07955304,-76.9949766,2070010.0,GW
390446077131801,MO Ee  38,39.0795528,-77.22137018,2070008.0,GW
390447077082601,MO Ef   6,39.07983067,-77.1402574,2070010.0,GW
390448077025301,MO Eg   4,39.0801085,-77.0477555,2070010.0,GW
390449077100901,MO Ee   1,39.08038619,-77.1688691,2070008.0,GW
390450077084901,MO Ef   5,39.08066399,-77.1466464,2070008.0,GW
390450077131401,MO Ee  14,39.0806639,-77.220259,2070008.0,GW
390451077074301,MO Ef  11,39.08094178,-77.1283127,2070010.0,GW
390451077074302,MO Ef  27,39.08094178,-77.1283127,2070010.0,GW
390451077084601,MO Ef   4,39.08094176,-77.14581309,2070010.0,GW
390451077130301,MO Ee  32,39.08094169,-77.2172034,2070008.0,GW
390451077132201,MO Ee  34,39.08094169,-77.2224813,2070008.0,GW
390452077074701,MO Ef  10,39.08121955,-77.1294239,2070010.0,GW
390452077074702,MO Ef  26,39.08121955,-77.1294239,2070010.0,GW
390452077074901,MO Ef   9,39.08121955,-77.1299794,2070010.0,GW
390452077100301,MO Ee  23,39.0812195,-77.1672024,2070008.0,GW
390452077131901,MO Ee  36,39.08121946,-77.22164799,2070008.0,GW
390453077132101,MO Ee  35,39.0814972,-77.2222036,2070008.0,GW
390456077082601,MO Ef  39,39.0823306,-77.1402574,2070010.0,GW
390456077130501,MO Ee  33,39.08233056,-77.217759,2070008.0,GW
390458076592601,MO Eh   7,39.0828863,-76.99025428,2070010.0,GW
390458077134001,MO Ee  26,39.0828861,-77.2274815,2070008.0,GW
390459076592801,MO Eh   6,39.08316409,-76.9908099,2070010.0,GW
390459077000101,MO Eg   2,39.08316408,-76.9999768,2070010.0,GW
390459077134601,MO Ee  25,39.08316387,-77.2291482,2070008.0,GW
390501077095201,MO Df   6,39.08371947,-77.1641468,2070008.0,GW
390506077082901,MO Df   1,39.08510836,-77.1410908,2070010.0,GW
390506077082902,MO Df   2,39.08510836,-77.1410908,2070010.0,GW
390508077024201,MO Dg  26,39.08566399,-77.0446999,2070010.0,GW
390508077024401,MO Dg  27,39.08566399,-77.04525549,2070010.0,GW
390508077024402,MO Dg  32,39.08566399,-77.04525549,2070010.0,GW
390508077024403,MO Dg  33,39.08566399,-77.04525549,2070010.0,GW
390508077093601,MO Df   7,39.08566389,-77.1597023,2070008.0,GW
390509077092101,MO Df   8,39.08594166,-77.1555356,2070008.0,GW
390510076595701,MO Dh  14,39.08621958,-76.9988656,2070010.0,GW
390510076595702,MO Dh  15,39.08621958,-76.9988656,2070010.0,GW
390516077083901,MO Df   3,39.08788609,-77.1438687,2060006.0,GW
390516077140601,MO De  19,39.087886,-77.23470389,2070008.0,GW
390517077082501,MO Df  27,39.08816386,-77.1399797,2070010.0,GW
390517077093701,MO Df  23,39.08816384,-77.1599801,2070008.0,GW
390517077100101,MO De   3,39.0881638,-77.1666469,2070008.0,GW
390517077100102,MO De  20,39.0881638,-77.1666469,2070008.0,GW
390521077094501,MO Df   4,39.0892749,-77.1622024,2070008.0,GW
390524076582301,MO Dh   9,39.09010845,-76.9727538,2070010.0,GW
390524077094401,MO Df   5,39.09010825,-77.1619246,2070008.0,GW
390526077124801,MO De  17,39.09066375,-77.2130368,2070008.0,GW
390528077030301,MO Dg  25,39.09121945,-77.0505334,2070010.0,GW
390530077035001,MO Dg  20,39.09177498,-77.0635892,2070010.0,GW
390532077160301,MO Dd 29,39.0922583,-77.26758889,2070008.0,GW
390533077125201,MO De 52,39.09255,-77.2145333,2070008.0,GW
390534077083101,MO Df  18,39.092886,-77.1416464,2070010.0,GW
390534077083102,MO Df  19,39.092886,-77.1416464,2070010.0,GW
390534077083103,MO Df  20,39.092886,-77.1416464,2070010.0,GW
390534077093301,MO Df  24,39.09288598,-77.158869,2070008.0,GW
390536076541101,"LAUREL EMPLOYMENT PARK, MD",39.09333333,-76.90305556,20600060401.0,LK
390536077090101,MO Df  26,39.0934415,-77.14998,2070010.0,GW
390539077140101,MO De  18,39.09427478,-77.233315,2070008.0,GW
390542077000901,MO Dg  29,39.0951083,-77.00219909,2070010.0,GW
390544077092601,MO Df  25,39.0956637,-77.1569246,2070010.0,GW
390551077001201,MO Dg  28,39.09760826,-77.0030324,2070010.0,GW
390557077085401,MO Df  29,39.09927477,-77.1480355,2070010.0,GW
395643077062601,MW-01,38.94526944,-77.1071,2070008.0,GW
